email,password,userid,account_locked
johnsonjoshua@example.org,913d199f349e540cf50caa123e5697cb1d6089eff315529b3ea3f7d9ff917632,7777b733-a6b8-47e7-83ad-bc2739ae9954,false
johnsonjeffery@example.net,ceaff6348269e17def2e71a64632d91c8c24c02deb58540bf9e307b75156589d,b87ff4b3-a1dd-419b-a65d-f3969dfc7526,false
zlawrence@example.org,b148641d5fd710c862eee130b08b9963cef6207876a8b197a4dbadde4c33ca65,a9813d8f-eaec-4e90-8f4b-f9f4a01939ef,false
curtis61@example.com,57aa346d77a61b6a6806beb4e865763f29f8cda2ca2dacfd85d66b217743fcfe,20171dbe-e402-4f1e-8e3a-ea524c4177a0,false
smiller@example.net,ce581490b64b1af57f3dd921667d393f9fc105954821bc879a05e65f3f535858,caa4c108-872a-4cbb-956e-44c9e29eb987,false
kendragalloway@example.org,d4b196b5cd9f19ce309caa8db9b07a56eec5076a3728092d52d18e7b58de0d78,bb3b6846-0806-4182-a883-fef88b0f23ce,false
jason41@example.net,d5b4930fd47aa6a7b0f4c1157aa10dc17b7b3bd359eb99e8a35f48545f4a6310,de214ef7-4edf-4ce4-bb0b-4e499b39c8ec,false
gabriellecameron@example.org,e774d8014053f1aa341f5020173087bc0d4de0d46ad3d8b992cff4dc1af8c4d0,1f94f5ef-b3c7-4e56-b874-7f4e9a4bf8b9,false
jason76@example.net,225093b22ba889759761bf9d97bcf7181d20034f4606c086e0383fe9592bd0aa,7b2dd02d-4bb1-423f-b5a2-6f8db56f6c56,false
zhurst@example.com,de5c6044071daeda338e6c198d13bc628ba51594662de7839d660d1e21c0eb0a,67f7b8b3-ff28-4f69-8763-3f19cda1627d,false
hernandezernest@example.net,2660672dc64a0ae0b3c3b49549ba01bb4ae3d9aebb690e87db0ef7957ef42526,e654cfeb-f067-4610-acf6-12f1fb3ceb50,false
frazierdanny@example.net,aee2752cb80b42fa5e186d74794a1d49043b9114a92fbf17b7cc0209a80130a2,8e8fda47-0303-43a3-87cf-a7f7c23e00cc,false
mckaynancy@example.com,fbfa34ba9db360181b064f766eb94bb064d0a0774ebd6711783f2c9dc0748f35,d08d504e-ba33-4d5e-bbef-c85a65f6d469,false
ericfarmer@example.net,265ef62f528f60050e308675ccb5fbbefdee46162f178ee4dbeabc3104206be5,255a0183-eedb-47bc-9a23-a284c238fc66,false
hickmannatasha@example.com,509d357d583e4127bfdd226b646a6706c6a78604a786eef9c342ba1dcde07086,9f6f4b21-d3cc-49bc-a7ac-303ba89eb728,false
spenceamanda@example.org,89cde0c1fb39e2b84a8475a9ca3183657222380d982224dfd26d0c2b1040bd99,ece1919c-ec0d-4970-bcc4-eca713a9785f,false
ibrandt@example.net,a2becdea8f0e92ed25eb35538f0a89a107364d93a8dcb1862f13fadec1616337,9c6415ed-e0f0-4b8c-bfed-97e4795afb24,true
omartinez@example.org,0615f894aaeb04b0b29c8055d04c065d1c97fea52be37e3fabe895362e93ba1b,e27435cb-e8b8-4abd-966f-c71628fb9973,false
perezrebecca@example.com,0fce1eecf97cd45f808ffce56ebe5bf74bb9bf97c31e52adc96d395b5a3af85e,62399ada-a66e-4c99-b6ab-e944e7cb8283,false
esanchez@example.com,3dfeb40681d98729ab3ed87d98a960b9540c6af9ef0319536d8cb647112e610d,07ddfb9a-deb2-4387-9361-b36cf5cd7404,false
nuneztracey@example.org,2ba7b2f7210be591170ff27e75ac313d24dd592d47160778c4e5f16e1ea7be8a,9f3ead8f-decb-4f65-9304-3977639e3023,false
ltaylor@example.com,c58c4ccdea6e141fc0f1b4635d47b891779a498c950672b6083aa5674784226a,2ea79d13-3e65-4208-9711-a3ab26dc6422,false
williamsyvette@example.org,47d90aefb1beb9aab9a705930a934bb0a1c9081123fad2fcc4ccd70adb813087,86857a9f-8599-440e-b8e6-71d95a9243d8,false
michellebarrera@example.org,75c83fde4be7c251f738fa4da3b16ec01324ad984ffb5d4377dfc075b55672dc,e56a738d-7fa4-4810-a297-c8ec3b01348b,false
uhorton@example.net,8d1fefe95bf1462643316b9f1fc25d9526051fada0bf854f467ca208f7e0243b,bb8e22da-e059-451d-8fce-a78e54e09038,false
adkinsbrian@example.net,e8479f4c1ff3726981e3224618431c74f7fe010b3a23752fd2bb12d6e59577f7,f7bd5404-dc01-41d5-91b3-6756094ffb6e,false
caseyjones@example.org,54cee7152be4e23b45efb25f64e2fd388a31ad633fe23ed3eebf87540db9d6ce,dc08cfa8-5f55-4264-8a80-914ff835f18f,false
barnesbrandy@example.net,80a50e0ed6bc260ffa9e6aeb490b71ad1ce60b59212fb2b171a610f8f8dd16a3,a4d59ee8-e38b-4bf7-8a1e-ae2efcb3f977,false
emilyevans@example.com,1ae6aedf6458ac4f7d10d855f94e6918168e66b9b9d8686de5cb0afa33545c5c,30ab73cd-d7de-47a6-bbbe-6641208a3387,false
jonesjason@example.com,650ca21f3bf05670ab8acdf47a6d2c99f71773574a577632251ade5aeba4c090,3771134d-a0de-4b06-a1fa-bcb292f22299,false
tbass@example.com,2ddd067071d26cda1c242531f9467d75c7684e95f350c25a1ebdaadc1dca1a3e,c5b9f9dd-f0b7-4179-ad96-3306a0fdb654,false
sarah12@example.com,2734b32faf7e12838d616da6bdfd3e51f13fb25595445988c62cdf12c9626084,445cc34e-9262-48e0-b01b-f0de3548a7fc,false
james48@example.com,29337cc40812bd7334a2b042c942634df32a203e2d6f8207feef6c70d1d6e2fb,dd919cc2-cb00-4df2-8a23-4aee419acea7,false
smithkellie@example.net,68f1bcff26d1248024fef29516ad1dbbabd4972e30d97cd9903b36377551037f,1dfc4340-07a3-431e-a655-b89d84c8be11,false
jonesnicole@example.org,c107085aa6bf1db68fb3da1937fdfc8b8e066f02d8e1b234e1af18e82e789c77,4d77290e-fed3-4d36-9676-c4988b819bec,false
michael05@example.org,b1dd6a7db122618cc7cd99f3fc5723f86f0623f66f604c2d4f9ab1b38a0bace9,66e5f9bb-db6c-4a90-9145-11d0306bf60e,false
sarayoung@example.org,c7c64bb37791bbddf248a066eadea2f208ab1b0a7a7a97a2a80ecd0b608966d1,ad915a6b-5ddf-433e-9dd8-50175154884b,false
kimberly63@example.com,f6932762967cb06cb8b6832a1d70b1019c24b51ea5dfcd8af4bc8f251d307406,d03a0559-5de9-4892-9fed-e90f0f4abe86,false
lisastevens@example.com,ade7a4f64e245716e71ec89621afe6e844ff520554fac255685855936370081c,14549f3c-934c-4498-9aa1-9ac2b75fb8f2,false
michelle45@example.net,d3ead77b231b62857ffe1e0fb4d76e0cc892db55c4a8d6ace7bff255084e54a5,d4df1838-8494-4adf-95be-a508501511b4,false
gregory40@example.org,82abc4ea1d3df8832058737ab637eff5f3c5711bc50736898b2e4bcb4f07f320,89c51063-7144-44d7-8bdf-e484d792dd71,false
cruzbarbara@example.com,86f94b1c15f14334709286223c1639c04631cffaff9770160823147af3ee023c,f9a882ac-252a-4057-bd04-6a7e249d2f91,false
michaeljones@example.net,fcacb7118375169c14646290aa509f27004f3b1815d089e61912b6a6ab5d4e2b,936e23e3-8b8c-4961-a84d-4ad15bdd114a,false
elizabeth56@example.net,f95c35f91be92b376ff4f49c9684d99b3e0fc8cd6a8026ffcd6e10270160243b,642e371c-7fad-4eaa-8c8b-df66a101fbc5,false
christinaturner@example.net,44b88753fc9a0632aafb84b0ad695bb66f4ebc60fb7cf0aa94fae38245cf521e,3d17259a-2fb4-41d5-a9ef-89f86dbfc1fa,false
steven73@example.net,361aca7109c72367b7ec5c6fddd15889bf213b159840d9abde18bdd0334de04f,be90590a-ea82-4bb4-b84d-1343799315fe,false
clarence34@example.org,6d5cc4adf9db9a163e3a98672035a5b9d649b67517b49d12801f2c769555ff0d,e727c460-659d-4e52-8965-bfef75da54c6,false
gibsonolivia@example.net,253a878a69438a02165b7e4fd7a749f6b382cb42a30e0281d1c47fadcd768e5c,ff20c323-3c10-4733-bb79-a6adaefe1f61,false
staffordmichelle@example.org,19af90937bb8d3ebcfc8bb400bafff61072803d821c93bdf3d805f884e00920c,7b999356-64d2-44c8-bdc6-81a6f002c3b3,false
samanthamartinez@example.org,eba8c05eb75f745e4c40e20f73c0ee66304d07ee64cc234c87474390854eb0a4,b9e20a89-95c7-4627-8fa4-ab47c0b87694,false
usalazar@example.net,a3f8ee47224c0bdfe0ed1a71cedaf9fe1eb63e9fb97326c05ecddc575ac3432c,61edee86-8a1e-44f2-b885-2e970828adcf,false
pgreen@example.net,0fad97dc6ca0e9ff1acdd64b4a9f7e69e3e9fe8a23996a245513f794eda043de,dfeb9325-c435-4916-88cc-de34a2372195,false
jimmy55@example.net,9b69321495dd2619fe0aa895f5674210bf5496c16a15fb2cebba422ed9a0665f,cd73fc03-f7f6-4a63-bdec-b4f4d968eaea,false
irussell@example.com,c9aa02dc30992d2a1d10ca9125ca4ce35632ee9444b2393b71d953a2fdbb2386,d09aae53-d967-4fa9-af49-95b767c8e786,false
gateskathy@example.com,a215c2478dd110f1ec68a494c0819fc326d50d8dd8b48dfe3af6b97c95988c04,e813a899-e18e-40c9-bbcc-9065a4ca6244,true
vmedina@example.net,fa6f160af82da85d9166e0d8ae852aebe1cea4597af3547ef9c8ffaeab6f33b3,1ee33399-56ab-46e6-a85a-bc0e29ec69ca,false
rrogers@example.com,f955b34098e8bdff57d86f123516636925ad03c8ca6a928a30606c1058c0bca4,ecffd200-be26-42a1-b171-9305f8dba5cb,false
qvargas@example.org,340dfd699bf25f290ce1901754c43b6599706f2411d4c9248f3cc5084f098cf5,c47e9127-d184-4824-a685-77329465e9c7,false
jason55@example.com,25003022b133da64dd059a99901363b0254c30d2f6d398e9b42af40c944ad5c7,7fff0459-0b5c-4d58-b69d-7c5a05b794c8,false
cookemichael@example.net,5b7254141c0d4b9258ef75d65a67b30b6f0c4ac3119d21360fe9b097457115d9,c81c196d-ffcf-43e8-bb38-b59271ddd97e,false
howelljohn@example.com,5bb6ac3700857f9a6dde94b39dbdf9d631f58d06d4ac4023f7e71b1398c49b5b,6fa895f2-5e2a-4c0b-87f4-d918058fad15,false
catherinestuart@example.net,b83435e9d57bcce8fd85d2927a9002f88d60f7eeba0d669bc1239f4722092910,a8d2e23a-fce5-49d8-8d5f-680750de8081,false
barbara66@example.net,b0d9b62854fe9dee2c678393aabbb9ac1f130aba91f018fc594323ff02b8420b,33af9d33-6deb-47ea-aee8-9655190569b8,false
melissa91@example.net,53acecaff14d7bfb8df19cb4cc90ce3fcd37fcf2f9ca35652bce4b22346b37b6,ab251b59-bc21-4742-bfc8-22fc165a0690,false
alexander67@example.org,d2a24b5339d9ab090a824072647899766cb5f3eaf1afb9e3bb5e4c0d0beaac0e,82b702a6-960b-4148-afdb-90178dca63e7,false
jessicasheppard@example.com,71375ccee99de65a6787e0a8817d0f06967179c49c43f0b547feb422424cf17a,67cc0481-7571-4591-81ca-a464cd2962b5,false
marcus31@example.com,38dae92a7ad9ca22d21cb83885e8e4014648dd2f504a53560da66cd59704be5b,94abb720-b044-41d8-ae25-80c09eef6d49,false
snydermark@example.com,e223d7ceea0085d0a4c45528a88caaae738c95e9c945948f745bc6ae9c39a589,30c19a00-907c-4d7c-9e4d-d765280b7956,false
angela83@example.org,339b1c532ecab2f6de3b866c3446ced58dc7d6046696ff120e4c139cc7e48fbc,6965008c-ca89-4dc9-8572-0b1d7ee7d1a9,false
bwest@example.org,efc5e695bce6433b3ef752acdc67e2998d438fa845ae5aecc67158023cb90d60,95955bc0-c8a1-4253-b9bc-98d86fd6ad81,false
ronald85@example.com,c0a98ecd0a871fdbdc417283d4e9e0c8c45baf4dbb42f46f10c54a6b330de3fe,a681339f-20bb-48b0-a16d-d6fe8f730789,false
newtonstephanie@example.net,68e5f7c438bfa9e8fc9160606317d4630b44afc1d90ffef6f7351626d8291b61,b9e7fea1-57bf-481e-90d2-789965b0b1e6,false
tina34@example.org,7b3643054ba803a56c0b0f5ca25db9192d884965688e4ff5de04960eede9f144,514b0c9d-dbc5-442e-9466-ae00110d79ce,false
tranheidi@example.org,bc480949f330306d1850f25e7cf229a388a155128cf9f744378558d13b11612c,4ea57681-2b3c-4c5e-bcfc-ce7f965bcf40,false
lalexander@example.org,6047ce43e068361f56e47f581a241c18ef6756e7924fe3e8e6bb2404a0f6ed76,e7114baa-4d96-4fdb-a5ca-771bc4208cfd,false
hernandezlisa@example.com,9783f7c50056e6aa5f79aea2c0b58861c1fa706bb37b12a4a2e8decb470d51ab,d247549d-739e-4f32-8755-120bcf1fa1ce,false
kimberlyjames@example.com,9da98fe7a876b2387bdb37a611267906e6b90e06f1967d0bb5fb343a09fc1493,c4e9cd71-28ef-45da-81e1-765b03e447a8,false
mezajared@example.org,cb37ae5e2e4ba0c7835da6eaa95e687d64a8e1bd71cdb19300a6d172e2b8af14,f87a23a0-72d0-4518-84f0-37b500fb4421,false
mhayes@example.com,89e1576a61c8ace79101222ef756e44b7ede06ed22fd7599cd7fe0bca7212038,1a7c4747-5e72-46aa-b8a0-6929a2138141,false
sandrafrench@example.net,2ba2f9f3bcd30a566dd17d7398bc95456fabcb4e48d8ec5162c04e9f637cb3ac,4a67481c-0b3d-49fe-ba8f-cac448641c6a,false
rebekahserrano@example.org,26029e430b03dd45d4b62f921f0db3c3f881ec466e273c8708f60f634b67d584,e030d06c-f12b-4864-9caf-288787175c19,false
smartinez@example.com,24c6965608f2410aa580038a2bc47ff602e39339b7704dc948b4b73ee555b8c7,2f6e05b2-93ec-4278-b7dd-41980a51a61e,false
prestonjessica@example.net,ea9c961635519a9c1be71e6d4af9223b9c8c27f4e08a4c1a2e9e47d2cadc0c29,c2f2a119-de91-4739-9690-62771077a745,false
keyemily@example.com,4f9766b4f32bcc5225e2a17e323bf8984bcd4e50327e1026689d636367a18353,22a94842-d16b-48dc-809f-838e0f8c3390,false
howard96@example.net,20cb5b8d065db98e332c748c4a17643655f36a919d08467d29a2d2b0fcaf8f97,aa792c9b-85bd-4713-9788-5d6421ad2744,false
hodgemark@example.net,20e630efc973a0216b46e6a5e05c1f3bd012e8051727a8bfbb1233526243eb1d,00ef528f-ffd6-461e-979d-1eb3d382ef29,false
edwardsmarcus@example.com,3292cd1091bf2d7e7bd08080a1be98e798f5a8ca3e073b79bf18297af250da7a,55b6e4d2-9a50-4a04-b1fb-ec162e39a936,false
lopezmichael@example.com,5dd4189365190519c82f8dddd96c22f1e92bc0054aa39cda8d0c22ef6b3c9e29,83c5859b-eca4-429a-ad41-00f700b9c435,false
fgilmore@example.org,fd48ded432917e368ab7bfc10dd7bce1816b955f8dc0e821fd4969a039d37f43,f1482c80-abd4-4523-b6ae-edc71c8047cb,false
tranchristopher@example.org,5bcb8081c51129a5cb973bee49da29147e9e852c672048f7d0dcc5088689637e,a7f331e5-7fb0-46b0-8f2a-5a29f74a7973,false
robert77@example.org,ddac12279cad00a9f1e5d45e69f7fd66c4d8be83889c2b4df50776cff347e3ac,eb9dc77b-ae77-4964-9d83-140131519965,false
michellehill@example.com,05a1c8007688826cb30e2f080b592d5934fe260e1eac73fdcf7ebd9f7f6a33dc,23273c30-bb80-4f4b-83d4-690d395c1fce,false
cgrimes@example.net,a0c1b107c816ed75534c5e8b3c9e08de0a170e819f6f051387c85e6144f5350c,b7c9b247-fda0-46f7-8d42-57bd220af0f1,false
tinaallen@example.com,f152051026c302ee6f8f3af3284d8d046e04cbd88e624d57fcbe87d7968d2766,6bf21c7c-b1d1-43a6-92bd-6b5e25667308,false
qhughes@example.net,e9ec5db88c2f55788737c17e872922238ac242eec188995be834b482708e2b12,50d9c22a-cbcb-46ab-aeb7-74a5f1e10bef,false
sawyerscott@example.net,de47c2a9b29754a7e6793691572b3472b580a70e67380c649877e120d73bc2aa,a4ddff95-cbff-4740-ae79-b8574899bffe,false
harrisontanya@example.com,820ef5a7d39d3134c9507860af8a4369c0931aa00b5581be68f3009e01c2cecd,4ee809d9-b738-4335-bc8a-760fc6839af9,false
ofinley@example.net,b61ae20c5dfbde302b779eccc6aa44b3812a2e0d0e49fb37fcb2ecb198f4e538,5a1ca16f-e784-4891-900a-00c3fe383d1b,false
wendy16@example.org,9672aee62f6315c3838b80a731dd228fdd68e91aa37256b8d2d6171977bf88d5,119a651b-bdd1-404b-9a29-fcfd6feb726e,false
williamslaura@example.com,284a8c69151c02de14cea0b4abbfbd621b9bbc6c3856f1dd2b2963b4404dab3c,3a4348ea-6363-4b28-8d70-8576b6b1efdb,false
georgemiller@example.com,112bab68dd812e83016338cc0805a797ee98524cd7ad1339ea2e374c538bcf08,45b5b03c-ce92-4885-9d90-2af751356cc4,false
steve07@example.com,53d631e0ebcce55a2d848ca720c1b6538354df5368a9717d85add6b5a7e1a7d9,bc9a061d-f1e2-4ccc-a39b-9aedf110dad9,false
dvaughn@example.com,380512ef3a345450f4863fb6de0bc20c923cd0464140424619224cd303260aa4,b17f3355-2df9-476b-8f3b-1232a00e547f,false
victoria40@example.net,30df13c564fd063107749d6652cce062241cb8946cb2832ccc595442461b65cc,6c1a0d32-f1ea-4b32-8d59-97c85ad0fc15,false
swall@example.org,5220a29889858c25683be9ed83d67bafc5bd257c33fc3f20abfac1087252ea25,fdf578cd-33ab-47a1-b3ec-186f27617c2e,true
courtneyberger@example.net,fc5d6fb3019481e67392cb1f0a948e28005b8e89fc1e8c4a79305c6e4e6836e2,eda3ef3a-d35f-4242-a78f-3c6656cce450,false
mark62@example.org,34681dce8278e1f2e06ebf235b7789bf39ee96632d3c78fe1acf953af29c40e0,1f8a537c-a6d7-4b4a-b206-235f2087961d,false
jonathansummers@example.com,e5c23c9583c6a55c0d8a61c664b8248b49f28c003d1e8bd32a80b5d1d8c86bcb,fdeae504-7b3c-4140-949b-76f960d972f3,true
taylortammy@example.net,3b911258a18748eedf34ebcfba5548776cc25c297cb3b199051199381f95e8d9,d6f6d064-01bb-48e1-be4f-3aeb414f608d,false
ismith@example.org,b6f3bd0bc34c6770605207d333a2840e474eb5107ffb91f9df85288d20e3c832,1ff37ab2-07b5-4e18-b866-f942b720dd1c,false
daniel37@example.org,de0460d7b3cc22a4470b8542bfafb16e7ac408dceb0dfdabbccb7d6ee1942411,43a72cd1-96c1-416f-a303-5d0eb55120fb,false
tblankenship@example.net,21d6515e79bda9a56cccc7b6d0e5d3c98f283defcd9d4b3fac42ede4c516ccf2,7801c448-0ed4-4ec3-8c21-345382948940,false
youngamanda@example.com,2c314df6bf654aad75668fa6b2fce2ea4e5dce2db373bb3163ff885a2f5f3ee4,08b2ae67-99e0-43fa-96f2-db6f5db474df,false
nicolepena@example.com,fbafd0f5556825473ac9fd172bbded6d1ab649429e7416dc62dcd4934c531adb,15222783-f734-49db-9109-dd558ff1e13e,false
xsampson@example.org,1b338bb659b79d26e394024ed52d63d5d6df3eefe19a84c3e1dbd074de3ad93f,9cb03d65-af57-4c16-9a7c-c77fa12bc31e,true
james17@example.org,e7f51c38a73151265b18c8ab0ca5cf448552bbe839b81829c58b0ab8d4eb45ed,d0de539b-a018-4fa3-8053-f8a0116735aa,false
vanessabuchanan@example.org,930927c576e188a85926ecec8f9d3d607317dac4188548c15589d9612c4d3a02,61ed238d-53fd-4923-a1d9-6fffe5f1ec68,false
kim90@example.com,77a1c4332392128cc37629ea2ac9af27c2c66591ecd8b54e05961035b8b5bedb,bce91e95-e356-4a55-beed-102efaa374a0,false
andersonmichael@example.org,371f43baa50bc318e231edaca0f25fdc0c1109224c6809e5faface56c3a418c8,cd3cce8a-637a-4540-a939-06dd9ecf43f6,false
reesethomas@example.com,a3191b0b77e7d54e902ea3a45a9150a3c24896e2d714fc0c3149b910e652614a,bdc0da8a-5f48-49a1-9a91-bfb9bb2f0031,false
stephen00@example.com,5d5be4509e1c6800d5baa9263bb44d3488d9af39022c3c86171e2507300c6746,c8262dfe-a0a2-4457-a367-0b77c7b4b1a7,false
morriseddie@example.org,b0a0e9ca9d1796e86b2bfbfb74703047de093fbaefd3c13ef1befe6465722ace,4a626541-39ca-4407-802e-08a82fa27f5f,false
shawn96@example.org,a1dc13efa834ddd92d428e2b6e093c50363ec4058be517a7dc671490828cf60a,4e9b807a-c959-4540-a3bd-1c78dade7a2b,false
russellbeasley@example.com,e436925227d3ea9165ffd32de86f43591f5961eed5306d766797f6fe757aec0c,2a8018d2-34b8-4b44-968e-a9fc035ae052,false
nicholas27@example.org,319bc92203c2b55e5a1ceb4875e328863be284fa28f1e43d4c7e282950a17940,e34239e7-c820-48a6-b1f7-4a2934c6fc39,false
angelawillis@example.net,3b30ed162c37e026934628a94102c43ee63b5d45ba984b208a276dc7237dc02c,e0b573b5-bf2b-4232-bcc0-8b63a46877e5,false
uparrish@example.org,1bd05763b45d336faeb01fccb64db337edc9bd1ec89a2faca47cf50e09295b01,37e22549-6ab4-4578-8372-5eeb86205f36,false
gwalker@example.com,1590b9f9a7b53359adb29bb0fe3af1625508f506b2e46149d0606128db1b76db,5b0f26c1-26f0-4e37-b213-66c33a01c504,true
lynchdiane@example.net,c9ffa6c2e15e8d6ef3b7b61ead3113b362b4fad20ac3096ec1122842072e94fe,b8bf2c0a-19c8-452c-b288-a1616699941f,false
whitedouglas@example.net,c44d8c094ea7e54d68b5b8398cac95e52a3b9c7c4d355a6d2dbdc7eb114c2281,601c0c09-4e92-4d58-8cfa-ee1fe70e7b35,false
nicholaschavez@example.org,fdd7dcc1a82e0948fe3f21834eac3aecc842e2c5cbdf0c8a8aa798fe99f95b3b,ffd032c3-4d2b-4385-92e4-5bb6b3bfb5da,false
moorekaren@example.org,e98c764761bceb1a10d604813c55a0c12320dc8d210cdc100af0075d396d4e49,9656e360-6524-4a65-b319-aa1b74064e8b,false
jason81@example.com,fd82eb1c10b127dee99b746c801767a96090adaf2a4d4909ed2aba9ea3cd48e6,459a1dee-08d6-433b-9c3d-7915ffb541a3,false
walkertracey@example.org,5c0283b1adec4992481b67525abef054d54dac234913d0affafb0395ca5ee1c6,02119aad-64cf-42af-9c1a-a468f6b608c3,true
david76@example.org,0b85875fa816e67dc5d6af19714a01eab33f06728e55df8cb414f3a568f2a203,0bc4f06f-cc51-47d9-b4ee-79abbe8052ce,false
charles06@example.org,29b79f4d58d8b7cf9106174adbcd7145c4d4b19dbf7a13de68dc14c444e1d19f,0778d242-7c90-47f0-8ecb-ddf07636e712,false
zroberts@example.org,a0f797b17655f84cd51ca89a6088518453d81e709eabc69bb201eed24e53bc09,02028562-4325-46ca-87f1-04b1de31fa69,false
christopher13@example.com,f896a73510305b90b16dfc472f1a1bfca67dcf65ed38367d4ce3bfc60ab7bb7a,1d847b4b-d2bc-435e-aeea-098d3b1f5c5d,false
kimberly18@example.net,06b3472d3336604bee1c8f5514b12e01023f23202a0a7f0484f98ceb9e3ca317,2a369eae-878f-4615-abde-f6976b55abd0,false
joelthomas@example.org,68122637f8e1fe3a2fb09d2b44235339e3c31441b82908128d85143503cbb7f8,edbf0dd0-83c3-44b8-b50e-de0b9fd520ca,false
kmarshall@example.net,6e1ad41450a73065c7716f63ed0d536961369bcacc5ba138a3b1a99ed3dfacd4,3125465c-b7cc-41be-9c8d-b2b1cd354e9e,false
edward17@example.com,afd6032863f863579c7454193e3cbc2b9d150633f2c9176b64a4ae498fab655b,48674078-574f-4724-b5d9-87016ab922a7,false
dhayes@example.com,649a721340812ddec325870c3193b85d5e47f4137c1d2cd932dd5397feff343a,503125d6-ccee-4570-8d70-a8c80a784a7d,false
jford@example.net,b05872a37d2c08cc0ba0fe2f393ad882d27b3fd3d1e5573d98af09ebc9726abc,b85cc456-a668-4e9b-a3c9-fe874ab57cd4,false
dmason@example.com,c2a655e8c61ed9913d271572f3041e4c4ba6c7d3c9cc59e37fba408fa0982c6c,f99d80f2-6288-4de6-b331-775d65310862,false
benjaminzimmerman@example.com,fb5136f7b3a1cbd3d12e21ee46d47424897eaf7e2451697be8f33cd2fa4d66a7,3f1ba7d9-3ec4-43b6-9c55-184507e4d8d7,false
erika05@example.org,b3d9adaa4ad1df5f8bd1d91d09aefefd3ca4078503edd96b7dd0438694bdb988,a18f7073-9f8a-4d77-b8b5-0dba3760aedc,false
mathewaguilar@example.org,be28bfff41c10d473e6e91dc1ad7ae94f4f4c45c4ea2d9d82b6fd337eba3ed0b,a1477824-d051-4590-b751-4b30b983e44a,false
collinsnicholas@example.com,56aa5f8a1325ea8abe3c4702d8639a734f7ca76c9e1cf307632525a7b531cc14,c7c379b6-b303-4fcd-a993-8bbd7ea396b6,false
lucasrodney@example.com,8eb9853e32794cb0b4bcaee0bfe49bd7bfba019271e42641df7280f6c3161871,04ba4036-77ca-40b3-90b9-f4933eb93a7e,false
