videoid,userid,rating,rating_date
c14b3e66-c84c-497c-bd85-1f8475758d81,7777b733-a6b8-47e7-83ad-bc2739ae9954,4,2025-01-13T11:43:14.469Z
1ce658d5-4829-4d88-b748-703c0041e09a,7777b733-a6b8-47e7-83ad-bc2739ae9954,5,2025-11-04T14:12:14.238Z
d9a478ac-af75-497f-bd50-89af07429ffe,7777b733-a6b8-47e7-83ad-bc2739ae9954,4,2024-12-30T22:51:39.917Z
b61b7795-7bfc-4fcf-92e6-31311b418c94,7777b733-a6b8-47e7-83ad-bc2739ae9954,4,2025-02-20T09:29:29.262Z
e0e291a6-5e82-4810-9075-58c0bf695b89,7777b733-a6b8-47e7-83ad-bc2739ae9954,5,2025-08-19T05:07:16.256Z
6d524cd9-5f55-4444-97d7-6f25c44f225f,7777b733-a6b8-47e7-83ad-bc2739ae9954,4,2025-05-08T18:56:06.234Z
548871fb-efd0-4778-be9a-b2ed66392c8e,7777b733-a6b8-47e7-83ad-bc2739ae9954,5,2025-05-20T12:08:59.323Z
34e17e2c-4f97-46a0-8d72-6b050d2f9cac,7777b733-a6b8-47e7-83ad-bc2739ae9954,4,2025-08-01T03:25:29.800Z
d1ce1541-9796-4c88-bcb0-bbbe3cf9afc8,7777b733-a6b8-47e7-83ad-bc2739ae9954,4,2025-05-15T16:05:55.629Z
80b860c9-62a0-42b1-987e-c814cbba2733,b87ff4b3-a1dd-419b-a65d-f3969dfc7526,5,2025-07-04T02:57:42.194Z
3617b99b-4198-4c62-8263-fb3f58f5cc01,a9813d8f-eaec-4e90-8f4b-f9f4a01939ef,5,2025-09-20T10:53:51.355Z
82a9c783-1c5d-4158-88a2-904168c160b9,a9813d8f-eaec-4e90-8f4b-f9f4a01939ef,4,2025-06-18T02:09:51.796Z
fcc01acd-f5d3-4b36-b603-5a4b9073fd5f,a9813d8f-eaec-4e90-8f4b-f9f4a01939ef,5,2025-06-10T11:58:04.267Z
35882de5-c9bd-4a2b-9ff1-fe1e3da8ddaf,a9813d8f-eaec-4e90-8f4b-f9f4a01939ef,1,2024-12-30T16:47:29.666Z
96c249e5-182b-41c4-ba79-568e6b8a5348,a9813d8f-eaec-4e90-8f4b-f9f4a01939ef,5,2025-01-09T09:54:04.442Z
a4f16f09-bfc1-4950-a1d6-729d024a1ec2,a9813d8f-eaec-4e90-8f4b-f9f4a01939ef,3,2025-07-15T09:58:02.977Z
9e83f6b5-b2bb-4d46-9675-20eda427ecbf,a9813d8f-eaec-4e90-8f4b-f9f4a01939ef,5,2025-06-20T12:58:26.394Z
610ee89f-c30d-41e2-a212-4434b87864ed,20171dbe-e402-4f1e-8e3a-ea524c4177a0,5,2025-09-30T01:06:52.545Z
05d207c9-412a-4f38-93e5-1574fb7991c2,20171dbe-e402-4f1e-8e3a-ea524c4177a0,5,2025-07-25T18:21:57.469Z
5e9a162f-d632-468b-8588-61c3710414a1,20171dbe-e402-4f1e-8e3a-ea524c4177a0,4,2024-11-20T07:38:46.414Z
a5b0d171-fc72-4e49-a77b-417fb3e4b4d1,20171dbe-e402-4f1e-8e3a-ea524c4177a0,5,2025-03-17T10:00:36.436Z
19eebc24-6bbe-49f7-a08d-93697974e1d2,20171dbe-e402-4f1e-8e3a-ea524c4177a0,5,2025-07-25T04:21:51.137Z
6a58f60d-23f5-460f-aab7-16d78a0ed938,20171dbe-e402-4f1e-8e3a-ea524c4177a0,5,2025-10-24T11:49:47.586Z
748c56fa-cbf2-4cdd-85a6-93e6ad8c01ed,caa4c108-872a-4cbb-956e-44c9e29eb987,3,2025-06-15T08:58:54.538Z
ade36c23-1823-40ad-94fd-b69be6a6b6b0,caa4c108-872a-4cbb-956e-44c9e29eb987,4,2025-08-06T03:55:45.366Z
18921058-2d01-4b53-8d24-a4226d2a1ec0,caa4c108-872a-4cbb-956e-44c9e29eb987,3,2025-08-17T15:15:17.019Z
18ce4da7-4b43-4730-afe0-2821d910e13a,caa4c108-872a-4cbb-956e-44c9e29eb987,2,2025-01-28T19:51:45.137Z
24c970a9-cb51-4fbe-82ae-a691df53f6d1,caa4c108-872a-4cbb-956e-44c9e29eb987,4,2025-01-30T17:08:33.127Z
c8d92d05-a7d9-4fcc-b997-3da124ed7849,caa4c108-872a-4cbb-956e-44c9e29eb987,5,2025-10-23T00:50:14.162Z
17ed4ca9-0227-49c4-a1bf-50290ad65653,caa4c108-872a-4cbb-956e-44c9e29eb987,5,2025-08-17T20:15:00.577Z
d7e09ffe-3f5c-4aff-9fea-4a7d37543e8c,caa4c108-872a-4cbb-956e-44c9e29eb987,4,2025-09-30T12:40:15.539Z
5487df3e-6da4-46f0-936d-e0ddb93a84c1,caa4c108-872a-4cbb-956e-44c9e29eb987,5,2025-01-14T05:20:53.252Z
ec4972fc-ed7a-4528-8bd7-a7a832796f65,bb3b6846-0806-4182-a883-fef88b0f23ce,4,2025-07-10T02:31:25.405Z
e4a36e93-52d6-4a56-af31-70b4a7c0865d,bb3b6846-0806-4182-a883-fef88b0f23ce,5,2025-05-31T16:48:30.205Z
1eaf0ffb-6cee-42d5-8729-74d5329d5362,bb3b6846-0806-4182-a883-fef88b0f23ce,5,2025-04-14T06:49:11.944Z
a24707ec-dcc4-4d95-841e-25df5e477035,bb3b6846-0806-4182-a883-fef88b0f23ce,4,2025-08-12T09:21:45.252Z
ab3bc9b3-e8a2-4399-a79c-32f039c5f853,bb3b6846-0806-4182-a883-fef88b0f23ce,4,2025-08-15T13:29:50.818Z
39e95c63-21ad-4a20-9a77-412fa3742c1f,de214ef7-4edf-4ce4-bb0b-4e499b39c8ec,1,2025-05-07T01:00:29.695Z
2602e310-9951-44ea-8261-b8443f1af866,de214ef7-4edf-4ce4-bb0b-4e499b39c8ec,5,2025-04-06T06:31:45.182Z
c939af29-fa55-4ac0-8295-d08055fac79b,1f94f5ef-b3c7-4e56-b874-7f4e9a4bf8b9,2,2025-01-02T13:12:42.989Z
a085f29b-89f3-401d-82eb-2b3527dcf455,1f94f5ef-b3c7-4e56-b874-7f4e9a4bf8b9,4,2025-01-16T07:09:04.590Z
fecaab00-4e83-45b5-9c3c-9a4a186f56d8,1f94f5ef-b3c7-4e56-b874-7f4e9a4bf8b9,5,2025-06-13T04:59:00.784Z
79577345-9470-41e2-93d1-311b10a1f8ae,1f94f5ef-b3c7-4e56-b874-7f4e9a4bf8b9,4,2025-09-19T05:10:27.118Z
5cd3fc9b-2fa2-4916-8116-83dc0a5ec772,1f94f5ef-b3c7-4e56-b874-7f4e9a4bf8b9,5,2024-11-23T10:02:40.276Z
3bccc6ad-e8b7-4fdb-867f-c98fbbc1670c,1f94f5ef-b3c7-4e56-b874-7f4e9a4bf8b9,5,2025-04-28T21:23:28.438Z
0508e75d-321d-45b8-b428-436605412434,7b2dd02d-4bb1-423f-b5a2-6f8db56f6c56,5,2025-03-19T22:36:18.448Z
3a6fc72b-c6c4-47ee-895b-543ff0426ea1,67f7b8b3-ff28-4f69-8763-3f19cda1627d,4,2025-10-11T14:26:31.030Z
99cb3fa2-b1a4-4e93-b9fb-35984aad65d3,67f7b8b3-ff28-4f69-8763-3f19cda1627d,5,2025-07-22T04:37:08.825Z
5122f6d3-ec10-4cc7-8705-dbc1d5ce6d1d,67f7b8b3-ff28-4f69-8763-3f19cda1627d,5,2025-05-11T18:59:12.342Z
e8bd854a-6c40-4606-97ad-c55505da1a2a,67f7b8b3-ff28-4f69-8763-3f19cda1627d,5,2024-12-19T21:32:39.534Z
d7e09ffe-3f5c-4aff-9fea-4a7d37543e8c,67f7b8b3-ff28-4f69-8763-3f19cda1627d,2,2024-12-04T23:52:41.188Z
22345958-84cf-40dd-9ab4-05ea7aa66f91,67f7b8b3-ff28-4f69-8763-3f19cda1627d,4,2025-01-01T21:54:30.009Z
4f1c8516-be57-49fc-853d-634f03d0363e,e654cfeb-f067-4610-acf6-12f1fb3ceb50,5,2025-04-17T11:16:24.017Z
995e6a45-ccff-452b-8dbf-3033d8876f4a,e654cfeb-f067-4610-acf6-12f1fb3ceb50,3,2025-05-10T20:34:32.825Z
426f9ef8-0e4d-462b-91a5-19ce9fac31eb,e654cfeb-f067-4610-acf6-12f1fb3ceb50,5,2025-09-03T21:24:17.903Z
d983d8ad-4a6a-41e1-b13f-7c258bbc9938,e654cfeb-f067-4610-acf6-12f1fb3ceb50,5,2024-12-07T20:35:16.905Z
539213ca-747f-44f6-8752-b23487e56456,e654cfeb-f067-4610-acf6-12f1fb3ceb50,5,2025-10-02T21:55:00.451Z
fbd8d6af-01d1-4113-a230-fe7036e84fb3,e654cfeb-f067-4610-acf6-12f1fb3ceb50,2,2025-08-29T15:40:25.035Z
9ac7f508-357c-4446-a425-db42d2fddb6f,e654cfeb-f067-4610-acf6-12f1fb3ceb50,5,2025-09-23T11:06:04.226Z
5c6f2fe5-88f6-48aa-8d40-a515ac899917,e654cfeb-f067-4610-acf6-12f1fb3ceb50,3,2025-10-10T04:56:32.959Z
4acb14ce-639a-4553-9acf-cf151d13a7e7,8e8fda47-0303-43a3-87cf-a7f7c23e00cc,4,2025-04-04T21:32:08.124Z
ae6bc9cd-0148-4c3e-b5b7-4c3b18a03bcf,8e8fda47-0303-43a3-87cf-a7f7c23e00cc,4,2025-03-29T03:52:09.124Z
d7e09ffe-3f5c-4aff-9fea-4a7d37543e8c,8e8fda47-0303-43a3-87cf-a7f7c23e00cc,4,2025-03-20T22:42:19.940Z
0afb22eb-e710-44a7-9c1a-d9466a869c4d,8e8fda47-0303-43a3-87cf-a7f7c23e00cc,4,2025-03-25T09:41:18.239Z
196b8b5f-a1ea-47cd-bb38-7c89da645319,8e8fda47-0303-43a3-87cf-a7f7c23e00cc,4,2024-12-04T03:58:57.238Z
b4237022-d1ac-4d29-8286-f6daf631646e,d08d504e-ba33-4d5e-bbef-c85a65f6d469,5,2025-01-25T08:54:06.327Z
86f9a2c4-6cbf-4a77-a229-f014428ea8db,d08d504e-ba33-4d5e-bbef-c85a65f6d469,4,2025-02-28T18:09:50.481Z
3f3db2b4-4194-421f-a340-bb501c7be9f2,d08d504e-ba33-4d5e-bbef-c85a65f6d469,4,2024-12-10T13:11:15.998Z
a4f347fd-ea5c-49da-9223-e90f1f7b0594,d08d504e-ba33-4d5e-bbef-c85a65f6d469,5,2025-07-23T09:34:30.046Z
9e83f6b5-b2bb-4d46-9675-20eda427ecbf,d08d504e-ba33-4d5e-bbef-c85a65f6d469,5,2025-03-06T19:43:25.244Z
29a516bd-1320-4b36-a3b7-085003539419,d08d504e-ba33-4d5e-bbef-c85a65f6d469,3,2024-12-27T16:52:55.418Z
d0febdea-21b5-4784-8b41-8ce90fd02c01,d08d504e-ba33-4d5e-bbef-c85a65f6d469,5,2024-11-18T08:24:19.690Z
cd38773c-b5f9-49d6-ac27-0e9156bd5963,d08d504e-ba33-4d5e-bbef-c85a65f6d469,4,2025-10-05T10:19:24.794Z
66f5447a-fcaa-4626-8184-77cbaa92787f,255a0183-eedb-47bc-9a23-a284c238fc66,4,2025-04-25T22:04:31.594Z
1eaf0ffb-6cee-42d5-8729-74d5329d5362,9f6f4b21-d3cc-49bc-a7ac-303ba89eb728,5,2025-09-03T21:57:50.191Z
3d68f493-b111-4f0e-ae1e-f43e09169623,9f6f4b21-d3cc-49bc-a7ac-303ba89eb728,4,2025-08-08T12:28:05.986Z
52aa9f0c-3ae3-4b3b-9f9e-b7a05e607b8f,9f6f4b21-d3cc-49bc-a7ac-303ba89eb728,4,2025-04-24T16:45:20.437Z
5407830e-a931-4c47-bac8-a5cfc6726bbc,9f6f4b21-d3cc-49bc-a7ac-303ba89eb728,5,2025-06-17T02:38:38.499Z
67f62f68-81cb-46dd-b941-1c54014aa0cd,9f6f4b21-d3cc-49bc-a7ac-303ba89eb728,5,2025-10-01T05:10:41.637Z
3fd83c78-256f-440f-a5a5-1dcc5a74d9cd,9f6f4b21-d3cc-49bc-a7ac-303ba89eb728,4,2024-11-11T07:13:56.579Z
d9461188-2a7b-45ca-bc0a-38a3c2d2c36b,ece1919c-ec0d-4970-bcc4-eca713a9785f,3,2025-01-22T03:01:35.838Z
c01729bf-8527-450d-8430-251874b62647,ece1919c-ec0d-4970-bcc4-eca713a9785f,3,2024-12-28T23:18:07.142Z
79577345-9470-41e2-93d1-311b10a1f8ae,ece1919c-ec0d-4970-bcc4-eca713a9785f,5,2025-10-13T18:26:38.063Z
ebe2271d-1cf7-4311-9cae-3b8d10fd465d,ece1919c-ec0d-4970-bcc4-eca713a9785f,2,2025-06-14T17:56:44.543Z
cf9bd809-129f-4dbf-b98f-bce6c4380ac0,ece1919c-ec0d-4970-bcc4-eca713a9785f,5,2025-04-07T22:47:54.688Z
fcc01acd-f5d3-4b36-b603-5a4b9073fd5f,ece1919c-ec0d-4970-bcc4-eca713a9785f,5,2025-08-14T20:23:30.858Z
4df53387-6a31-4e82-86e7-4ab57dfce69b,ece1919c-ec0d-4970-bcc4-eca713a9785f,4,2025-01-30T03:44:45.895Z
d9a478ac-af75-497f-bd50-89af07429ffe,ece1919c-ec0d-4970-bcc4-eca713a9785f,2,2024-12-18T20:44:32.060Z
46b0f9b3-3cc9-4486-ba84-bee6b4d84a79,9c6415ed-e0f0-4b8c-bfed-97e4795afb24,4,2025-01-30T10:45:08.462Z
110a26de-5d27-4b8d-8e81-996634bc1ec7,9c6415ed-e0f0-4b8c-bfed-97e4795afb24,5,2025-06-25T17:32:47.128Z
35882de5-c9bd-4a2b-9ff1-fe1e3da8ddaf,9c6415ed-e0f0-4b8c-bfed-97e4795afb24,4,2025-06-19T20:03:24.683Z
e93ed3c5-c714-4644-b7b5-9ca05eaad0ca,9c6415ed-e0f0-4b8c-bfed-97e4795afb24,5,2024-11-27T07:12:04.683Z
2f384b6c-abeb-4599-b264-95a0045d1ef3,9c6415ed-e0f0-4b8c-bfed-97e4795afb24,4,2025-09-05T22:51:09.513Z
988b99c6-f9ac-4142-8e50-a9b351e7c57d,9c6415ed-e0f0-4b8c-bfed-97e4795afb24,4,2025-05-05T22:01:54.811Z
646acf81-ecb2-4b49-9634-a944e31bdd49,9c6415ed-e0f0-4b8c-bfed-97e4795afb24,5,2025-05-19T03:34:03.753Z
0e7d3050-28ee-4c1f-8776-7480d798bf7f,9c6415ed-e0f0-4b8c-bfed-97e4795afb24,5,2025-06-23T04:12:51.269Z
470d656d-69f1-42c4-a3f7-71f4bbd81fb9,e27435cb-e8b8-4abd-966f-c71628fb9973,4,2025-06-02T09:22:36.804Z
14a12007-acf2-46ae-baae-858ef1be051a,e27435cb-e8b8-4abd-966f-c71628fb9973,4,2025-07-24T19:14:09.656Z
41321fc8-5a68-4980-a2d2-3dbfbea37f8b,62399ada-a66e-4c99-b6ab-e944e7cb8283,5,2025-02-18T17:52:09.222Z
a2959abf-6f43-4e2f-a195-8f1d521f569c,62399ada-a66e-4c99-b6ab-e944e7cb8283,4,2024-11-04T22:21:41.336Z
da1e0f66-ff00-46d1-ad10-60cde646dc9f,62399ada-a66e-4c99-b6ab-e944e7cb8283,5,2025-03-13T05:20:58.619Z
9460efec-e9ef-4de3-ac61-ceb068cebd21,62399ada-a66e-4c99-b6ab-e944e7cb8283,4,2025-05-31T18:57:00.231Z
3c0ffc58-d03d-45e0-9546-e375e5fb2563,62399ada-a66e-4c99-b6ab-e944e7cb8283,5,2025-01-11T18:35:51.663Z
caed2df1-5ff4-4e1d-bc40-87d38343981a,07ddfb9a-deb2-4387-9361-b36cf5cd7404,5,2025-07-06T10:03:37.282Z
b4506655-cd62-4f80-b049-494a95231dbb,07ddfb9a-deb2-4387-9361-b36cf5cd7404,4,2025-05-14T13:23:19.986Z
196b8b5f-a1ea-47cd-bb38-7c89da645319,07ddfb9a-deb2-4387-9361-b36cf5cd7404,5,2025-03-16T01:36:53.582Z
01cb3efc-93e4-4d53-b543-d929bbb84f3e,9f3ead8f-decb-4f65-9304-3977639e3023,3,2025-10-18T13:57:24.167Z
67f62f68-81cb-46dd-b941-1c54014aa0cd,9f3ead8f-decb-4f65-9304-3977639e3023,5,2025-05-22T01:56:26.771Z
9bf81812-b92c-49fa-9993-9e176017be94,9f3ead8f-decb-4f65-9304-3977639e3023,4,2025-08-18T14:09:02.469Z
f744e115-7575-4de7-8ca2-f8f41e118adb,9f3ead8f-decb-4f65-9304-3977639e3023,5,2025-05-08T18:20:48.023Z
436fdfe4-29f2-4ee3-8e25-d7fe2dbf1aa0,9f3ead8f-decb-4f65-9304-3977639e3023,5,2024-11-11T18:53:40.335Z
f859f03f-e735-40fc-b441-6974f119030f,2ea79d13-3e65-4208-9711-a3ab26dc6422,5,2025-09-19T08:03:45.646Z
71879d4b-aa06-4461-aab8-3eaee5d5e911,2ea79d13-3e65-4208-9711-a3ab26dc6422,5,2024-11-20T06:15:40.361Z
9ab33abf-b3cd-45be-8ee3-1efe324372dc,2ea79d13-3e65-4208-9711-a3ab26dc6422,4,2025-03-25T15:57:27.726Z
9f98b286-5dc1-4235-b45d-a01e42df4037,2ea79d13-3e65-4208-9711-a3ab26dc6422,5,2025-03-20T16:55:40.877Z
f530ba4d-1647-4731-bf50-8c4d891e07bd,2ea79d13-3e65-4208-9711-a3ab26dc6422,4,2025-08-04T07:26:48.388Z
c6462fff-599c-4ac0-bd83-57201415d43f,2ea79d13-3e65-4208-9711-a3ab26dc6422,4,2025-03-14T18:50:53.188Z
5bc07c96-0860-49a6-9428-b9f08b6c9b04,2ea79d13-3e65-4208-9711-a3ab26dc6422,4,2024-11-29T00:51:35.127Z
cebcd63a-409e-4bf7-9eb7-0b27e0963237,2ea79d13-3e65-4208-9711-a3ab26dc6422,3,2025-01-31T10:18:03.138Z
6d524cd9-5f55-4444-97d7-6f25c44f225f,86857a9f-8599-440e-b8e6-71d95a9243d8,5,2025-07-02T08:40:06.075Z
2882b8bf-c8df-4cec-8225-861d6273e68b,86857a9f-8599-440e-b8e6-71d95a9243d8,5,2024-12-12T05:20:29.299Z
3309a3e6-7863-40e6-9348-1094603270b4,86857a9f-8599-440e-b8e6-71d95a9243d8,5,2025-06-04T21:28:25.495Z
0bc402f2-23bb-4577-b08b-088ae060a815,86857a9f-8599-440e-b8e6-71d95a9243d8,2,2025-08-07T17:30:53.118Z
436fdfe4-29f2-4ee3-8e25-d7fe2dbf1aa0,86857a9f-8599-440e-b8e6-71d95a9243d8,5,2024-12-23T02:05:07.207Z
3b46f04d-1d9b-4497-a8f0-60ad3679a1f6,86857a9f-8599-440e-b8e6-71d95a9243d8,5,2025-03-13T00:49:03.991Z
98c241e6-4cc6-4ad8-9937-bc8a79b1f63b,86857a9f-8599-440e-b8e6-71d95a9243d8,4,2025-03-08T00:16:22.449Z
0e7d3050-28ee-4c1f-8776-7480d798bf7f,86857a9f-8599-440e-b8e6-71d95a9243d8,5,2025-06-27T03:14:27.562Z
31eec980-431a-4575-8647-1a0dc260acb6,86857a9f-8599-440e-b8e6-71d95a9243d8,5,2025-09-03T15:35:33.835Z
9e6409de-ea5f-453f-8dfd-7a984bb68d62,86857a9f-8599-440e-b8e6-71d95a9243d8,1,2025-07-12T10:24:42.991Z
5f2be55b-0956-4cbe-908a-0adfa12dec64,86857a9f-8599-440e-b8e6-71d95a9243d8,5,2025-10-28T14:16:28.109Z
493686ab-c673-4185-9c47-1bc6b9919b82,86857a9f-8599-440e-b8e6-71d95a9243d8,4,2025-04-28T03:20:17.850Z
3a92ff00-8d06-48ee-a37f-d65b46e35995,86857a9f-8599-440e-b8e6-71d95a9243d8,4,2025-01-09T22:27:14.674Z
ebbf2a30-0260-4ac5-94ce-f658a2c918d7,e56a738d-7fa4-4810-a297-c8ec3b01348b,5,2024-12-23T14:44:03.303Z
f7ae9d4f-d42a-426f-92d9-a8d350ca3bad,e56a738d-7fa4-4810-a297-c8ec3b01348b,5,2025-07-23T21:19:40.846Z
1a87a65b-2f0a-4d6a-be82-d3925994a470,e56a738d-7fa4-4810-a297-c8ec3b01348b,3,2025-10-15T00:03:54.629Z
437cf0e3-0992-4673-b7a8-7126cf56f9c1,e56a738d-7fa4-4810-a297-c8ec3b01348b,4,2024-11-17T20:50:23.703Z
748c56fa-cbf2-4cdd-85a6-93e6ad8c01ed,e56a738d-7fa4-4810-a297-c8ec3b01348b,5,2025-01-16T23:44:49.740Z
1a35b5fe-5142-4a21-8187-47ac2b2704c2,e56a738d-7fa4-4810-a297-c8ec3b01348b,3,2025-08-20T07:19:20.589Z
8cc95be4-7cce-4722-b099-d368ba6cb42e,e56a738d-7fa4-4810-a297-c8ec3b01348b,5,2025-09-23T21:16:29.350Z
fc402c10-9d58-478b-98d2-50ee939efd03,e56a738d-7fa4-4810-a297-c8ec3b01348b,3,2025-02-27T15:05:09.976Z
0db6907d-3ffe-4a2c-b990-e14240d3601d,e56a738d-7fa4-4810-a297-c8ec3b01348b,5,2025-02-25T14:41:58.777Z
49423b31-1ee4-4908-b4d1-d9fc4f9d1db0,e56a738d-7fa4-4810-a297-c8ec3b01348b,4,2025-03-29T19:23:07.394Z
69daa782-f015-406e-923a-2654cd55db8c,e56a738d-7fa4-4810-a297-c8ec3b01348b,4,2025-08-29T04:18:10.420Z
cebcd63a-409e-4bf7-9eb7-0b27e0963237,e56a738d-7fa4-4810-a297-c8ec3b01348b,5,2025-04-26T06:21:27.491Z
3adfd5e7-e774-42a6-8ea6-5be40ac0cf66,e56a738d-7fa4-4810-a297-c8ec3b01348b,4,2024-11-17T17:39:28.019Z
fecaab00-4e83-45b5-9c3c-9a4a186f56d8,bb8e22da-e059-451d-8fce-a78e54e09038,5,2025-06-28T15:13:24.258Z
f9d79009-e1be-4919-bdf6-ef2664b5ffb9,bb8e22da-e059-451d-8fce-a78e54e09038,4,2025-02-16T20:37:41.997Z
6b85b5a2-ae1a-465d-8c9c-53d4bc820c98,bb8e22da-e059-451d-8fce-a78e54e09038,5,2025-09-15T05:56:54.001Z
f060269d-967e-4b50-bff5-3e2adb09eec6,bb8e22da-e059-451d-8fce-a78e54e09038,5,2024-11-21T19:41:15.288Z
e27f23c8-b50d-4e13-ad48-d536ae8ec1b2,bb8e22da-e059-451d-8fce-a78e54e09038,5,2025-07-01T20:37:57.652Z
edeb3261-0879-4ee0-a5f0-23b681e377c6,bb8e22da-e059-451d-8fce-a78e54e09038,4,2025-02-12T03:36:00.309Z
12dcd9a7-5ec8-47a1-a469-f784d041e3be,bb8e22da-e059-451d-8fce-a78e54e09038,4,2025-08-23T07:29:33.453Z
034fd4c6-d48e-41dd-ab1a-731e749816f8,bb8e22da-e059-451d-8fce-a78e54e09038,3,2025-04-12T22:51:35.442Z
d9a478ac-af75-497f-bd50-89af07429ffe,bb8e22da-e059-451d-8fce-a78e54e09038,1,2025-03-30T11:08:37.536Z
f7ae9d4f-d42a-426f-92d9-a8d350ca3bad,bb8e22da-e059-451d-8fce-a78e54e09038,4,2025-04-13T23:16:28.859Z
748c56fa-cbf2-4cdd-85a6-93e6ad8c01ed,bb8e22da-e059-451d-8fce-a78e54e09038,3,2025-10-19T16:54:42.387Z
9f98b286-5dc1-4235-b45d-a01e42df4037,f7bd5404-dc01-41d5-91b3-6756094ffb6e,4,2025-03-08T04:33:45.377Z
3e5f883f-2fff-4734-aadd-61e52f6b8133,f7bd5404-dc01-41d5-91b3-6756094ffb6e,4,2025-01-11T14:14:37.615Z
68023e17-cc70-422e-9040-6abee71e8385,f7bd5404-dc01-41d5-91b3-6756094ffb6e,4,2025-07-15T03:09:18.667Z
82c63fc9-070d-4cd4-88c2-3b9b5ea70171,f7bd5404-dc01-41d5-91b3-6756094ffb6e,5,2025-03-18T12:43:25.994Z
d9a478ac-af75-497f-bd50-89af07429ffe,dc08cfa8-5f55-4264-8a80-914ff835f18f,4,2025-08-22T13:30:33.827Z
995e6a45-ccff-452b-8dbf-3033d8876f4a,dc08cfa8-5f55-4264-8a80-914ff835f18f,5,2025-02-09T18:39:30.583Z
db83a936-bdb0-46d5-b130-a05ecd99063d,dc08cfa8-5f55-4264-8a80-914ff835f18f,5,2024-12-04T12:48:05.505Z
6ada36e6-802f-4037-ab90-c30d197d6510,dc08cfa8-5f55-4264-8a80-914ff835f18f,4,2025-04-08T09:42:39.744Z
a2959abf-6f43-4e2f-a195-8f1d521f569c,dc08cfa8-5f55-4264-8a80-914ff835f18f,3,2025-04-10T15:14:52.215Z
0508e75d-321d-45b8-b428-436605412434,dc08cfa8-5f55-4264-8a80-914ff835f18f,4,2025-11-02T19:26:26.082Z
4772dc4a-692f-4445-b791-eff1ffb002f4,dc08cfa8-5f55-4264-8a80-914ff835f18f,5,2025-01-09T06:29:13.686Z
e8bd854a-6c40-4606-97ad-c55505da1a2a,dc08cfa8-5f55-4264-8a80-914ff835f18f,4,2025-02-19T15:44:05.330Z
f5933ca7-840a-49c7-bdbc-3531b809f8da,dc08cfa8-5f55-4264-8a80-914ff835f18f,4,2024-12-11T19:59:51.090Z
d0febdea-21b5-4784-8b41-8ce90fd02c01,dc08cfa8-5f55-4264-8a80-914ff835f18f,4,2025-03-04T03:06:57.882Z
aaeb6a72-5290-4b88-9fce-87711cecc911,dc08cfa8-5f55-4264-8a80-914ff835f18f,4,2025-02-20T08:09:27.832Z
a4f16f09-bfc1-4950-a1d6-729d024a1ec2,a4d59ee8-e38b-4bf7-8a1e-ae2efcb3f977,3,2025-04-16T05:26:22.014Z
9ac7f508-357c-4446-a425-db42d2fddb6f,a4d59ee8-e38b-4bf7-8a1e-ae2efcb3f977,4,2025-07-24T11:30:35.029Z
131bde45-7a4f-4798-920f-d231b8def1b0,a4d59ee8-e38b-4bf7-8a1e-ae2efcb3f977,5,2025-01-04T05:25:01.077Z
67f62f68-81cb-46dd-b941-1c54014aa0cd,a4d59ee8-e38b-4bf7-8a1e-ae2efcb3f977,4,2025-04-15T11:50:35.590Z
76aa06a1-205a-41c3-910d-5e20af223698,a4d59ee8-e38b-4bf7-8a1e-ae2efcb3f977,5,2025-04-16T16:04:48.627Z
470d656d-69f1-42c4-a3f7-71f4bbd81fb9,30ab73cd-d7de-47a6-bbbe-6641208a3387,5,2025-07-27T19:43:46.006Z
3adfd5e7-e774-42a6-8ea6-5be40ac0cf66,30ab73cd-d7de-47a6-bbbe-6641208a3387,5,2025-10-03T07:34:44.719Z
46c49bf4-ed45-4556-ad2b-f9889bd64ef3,30ab73cd-d7de-47a6-bbbe-6641208a3387,4,2025-06-16T22:17:21.902Z
5d7f6048-2719-47bd-9654-e63d2fe1b11d,30ab73cd-d7de-47a6-bbbe-6641208a3387,4,2025-04-12T05:13:58.663Z
99cb3fa2-b1a4-4e93-b9fb-35984aad65d3,3771134d-a0de-4b06-a1fa-bcb292f22299,1,2025-06-25T22:05:00.211Z
e0e291a6-5e82-4810-9075-58c0bf695b89,3771134d-a0de-4b06-a1fa-bcb292f22299,5,2025-08-20T10:33:12.894Z
c2d82165-110d-4b59-a1c5-eb4665ab4283,3771134d-a0de-4b06-a1fa-bcb292f22299,3,2024-11-25T07:26:09.293Z
f060269d-967e-4b50-bff5-3e2adb09eec6,3771134d-a0de-4b06-a1fa-bcb292f22299,4,2025-07-07T12:05:08.789Z
5497b336-e993-45aa-8186-c087035a6f06,3771134d-a0de-4b06-a1fa-bcb292f22299,4,2025-04-01T17:23:25.036Z
70b9706b-49c7-4d11-8ce8-b0af0800e05d,c5b9f9dd-f0b7-4179-ad96-3306a0fdb654,5,2025-05-10T18:14:16.061Z
cbf873db-c637-4418-a30b-002db4b1f642,c5b9f9dd-f0b7-4179-ad96-3306a0fdb654,5,2025-08-05T06:04:28.716Z
3b46f04d-1d9b-4497-a8f0-60ad3679a1f6,c5b9f9dd-f0b7-4179-ad96-3306a0fdb654,4,2025-01-01T19:03:14.894Z
8cbd6419-e230-4818-a7ff-9f32a0ac9536,c5b9f9dd-f0b7-4179-ad96-3306a0fdb654,4,2024-11-15T17:37:12.295Z
b1bb9081-df59-4524-9d65-b5b1f7d526ac,c5b9f9dd-f0b7-4179-ad96-3306a0fdb654,4,2025-09-10T07:52:49.366Z
3617b99b-4198-4c62-8263-fb3f58f5cc01,c5b9f9dd-f0b7-4179-ad96-3306a0fdb654,5,2025-07-10T00:36:47.518Z
3c0ffc58-d03d-45e0-9546-e375e5fb2563,c5b9f9dd-f0b7-4179-ad96-3306a0fdb654,5,2025-04-13T09:34:00.159Z
72a64848-ea47-45e0-87fa-78cc9aaf48ac,c5b9f9dd-f0b7-4179-ad96-3306a0fdb654,5,2024-12-20T11:09:03.552Z
2f1cd7c3-7653-4da7-80f9-f791fc1572a9,c5b9f9dd-f0b7-4179-ad96-3306a0fdb654,4,2025-01-29T13:19:39.917Z
6bd5906b-a251-4a7b-87d3-bf343fa0e892,c5b9f9dd-f0b7-4179-ad96-3306a0fdb654,3,2025-06-27T23:59:30.545Z
2cdd50f8-953e-442b-99da-bc44d5c2d761,445cc34e-9262-48e0-b01b-f0de3548a7fc,5,2025-03-16T15:10:26.325Z
8cbd6419-e230-4818-a7ff-9f32a0ac9536,445cc34e-9262-48e0-b01b-f0de3548a7fc,5,2025-10-17T03:26:58.990Z
0a21615d-8dc7-4de7-9155-086924fccd4e,445cc34e-9262-48e0-b01b-f0de3548a7fc,4,2024-11-16T04:31:51.119Z
4e459b21-4de5-4e3f-92d7-1254b18da0ca,445cc34e-9262-48e0-b01b-f0de3548a7fc,4,2024-12-30T09:39:03.614Z
58a75f67-1837-40d3-9e82-5ad154592bc5,445cc34e-9262-48e0-b01b-f0de3548a7fc,5,2025-04-17T16:33:43.721Z
bb6e44ad-2fde-47c3-b4e5-31b0592bfd85,445cc34e-9262-48e0-b01b-f0de3548a7fc,5,2025-03-19T20:26:05.030Z
349a40ee-d651-4f7a-bedd-b0d8b5c994c6,445cc34e-9262-48e0-b01b-f0de3548a7fc,5,2025-04-15T12:06:50.948Z
1eaf0ffb-6cee-42d5-8729-74d5329d5362,445cc34e-9262-48e0-b01b-f0de3548a7fc,5,2024-12-02T10:36:29.179Z
19eebc24-6bbe-49f7-a08d-93697974e1d2,445cc34e-9262-48e0-b01b-f0de3548a7fc,5,2024-12-24T15:39:04.166Z
a2959abf-6f43-4e2f-a195-8f1d521f569c,dd919cc2-cb00-4df2-8a23-4aee419acea7,5,2025-03-18T09:14:38.654Z
7b30851d-c934-431a-8756-fe0e536197ee,dd919cc2-cb00-4df2-8a23-4aee419acea7,5,2025-02-27T04:28:34.373Z
fc402c10-9d58-478b-98d2-50ee939efd03,dd919cc2-cb00-4df2-8a23-4aee419acea7,3,2025-02-14T03:34:35.381Z
a27fed71-d12a-4282-a2fc-6835febec6cb,dd919cc2-cb00-4df2-8a23-4aee419acea7,4,2025-10-21T04:20:13.712Z
d2cc66c9-1d39-414f-840b-1f9d9dd21743,dd919cc2-cb00-4df2-8a23-4aee419acea7,4,2024-11-13T19:47:56.456Z
6ada36e6-802f-4037-ab90-c30d197d6510,dd919cc2-cb00-4df2-8a23-4aee419acea7,2,2025-01-11T07:30:05.180Z
e27f23c8-b50d-4e13-ad48-d536ae8ec1b2,dd919cc2-cb00-4df2-8a23-4aee419acea7,5,2025-05-12T11:04:46.933Z
9d87f8f5-8ecc-4990-bb22-2b4adcbbf239,dd919cc2-cb00-4df2-8a23-4aee419acea7,5,2025-10-04T00:32:35.680Z
b4435775-30ea-421c-a724-53b2968ae09c,dd919cc2-cb00-4df2-8a23-4aee419acea7,5,2024-12-17T08:54:48.645Z
ade36c23-1823-40ad-94fd-b69be6a6b6b0,dd919cc2-cb00-4df2-8a23-4aee419acea7,4,2025-08-14T09:48:05.616Z
01cb3efc-93e4-4d53-b543-d929bbb84f3e,1dfc4340-07a3-431e-a655-b89d84c8be11,4,2025-07-19T12:04:31.342Z
9797e2f2-d8ff-4432-86f3-891e8f0a5aed,1dfc4340-07a3-431e-a655-b89d84c8be11,5,2025-01-21T17:31:18.268Z
9460efec-e9ef-4de3-ac61-ceb068cebd21,1dfc4340-07a3-431e-a655-b89d84c8be11,3,2025-06-15T20:13:02.720Z
ade36c23-1823-40ad-94fd-b69be6a6b6b0,1dfc4340-07a3-431e-a655-b89d84c8be11,4,2025-07-15T19:54:59.878Z
e6f5dbf8-fdb0-4ee0-9c47-032b18b49ac1,1dfc4340-07a3-431e-a655-b89d84c8be11,5,2025-11-04T02:23:22.776Z
58f5b73b-c20e-4c73-a1c8-5ff886c08151,1dfc4340-07a3-431e-a655-b89d84c8be11,4,2025-01-16T11:21:51.059Z
140d79ec-9466-4663-924d-71fa48cc7e63,1dfc4340-07a3-431e-a655-b89d84c8be11,2,2024-12-23T22:24:41.846Z
39e95c63-21ad-4a20-9a77-412fa3742c1f,1dfc4340-07a3-431e-a655-b89d84c8be11,5,2024-12-01T09:46:16.650Z
dd09414c-c47e-4d72-89e4-20c9d31f0287,4d77290e-fed3-4d36-9676-c4988b819bec,4,2025-01-06T10:06:47.296Z
54eda318-23f4-4585-96e1-b47aebedc010,4d77290e-fed3-4d36-9676-c4988b819bec,5,2025-07-22T21:52:41.426Z
6844414b-427b-4cd4-8af5-d444cbedfae5,4d77290e-fed3-4d36-9676-c4988b819bec,4,2025-11-03T14:24:42.406Z
5df93cbc-961c-4645-a4f1-70b3949268b5,4d77290e-fed3-4d36-9676-c4988b819bec,5,2025-08-27T09:24:47.656Z
2002307e-b26a-47b6-ba43-ecc98f99b707,4d77290e-fed3-4d36-9676-c4988b819bec,5,2025-10-23T18:03:30.499Z
14c1dfe0-835e-47d6-bb4c-201f94aceb4d,4d77290e-fed3-4d36-9676-c4988b819bec,4,2025-10-30T16:43:32.078Z
b2f64758-46dd-4976-8099-3d51ed6c82fc,4d77290e-fed3-4d36-9676-c4988b819bec,4,2025-07-06T06:46:19.958Z
550f5e7f-8d16-4dc4-b84a-38e2b8f31808,4d77290e-fed3-4d36-9676-c4988b819bec,5,2025-07-21T12:18:37.823Z
711d7c1a-e4d5-473b-92f6-92ab98f1c5e0,4d77290e-fed3-4d36-9676-c4988b819bec,2,2025-05-24T05:47:30.783Z
2f384b6c-abeb-4599-b264-95a0045d1ef3,4d77290e-fed3-4d36-9676-c4988b819bec,5,2025-02-18T09:53:41.901Z
69d1cadb-9bc6-4354-91fe-fd84eb8a723d,4d77290e-fed3-4d36-9676-c4988b819bec,4,2025-02-21T21:59:49.706Z
4f1c8516-be57-49fc-853d-634f03d0363e,66e5f9bb-db6c-4a90-9145-11d0306bf60e,5,2024-12-31T21:18:07.571Z
9aaf66a5-6d38-4af2-9b89-a6f0d080014d,66e5f9bb-db6c-4a90-9145-11d0306bf60e,3,2025-07-21T12:30:53.234Z
ae6bc9cd-0148-4c3e-b5b7-4c3b18a03bcf,66e5f9bb-db6c-4a90-9145-11d0306bf60e,5,2025-07-18T02:36:10.202Z
9e6409de-ea5f-453f-8dfd-7a984bb68d62,66e5f9bb-db6c-4a90-9145-11d0306bf60e,4,2025-01-06T22:41:20.034Z
b8bc768d-e4e2-4f95-85b9-31516d642d49,66e5f9bb-db6c-4a90-9145-11d0306bf60e,4,2025-03-16T09:24:09.388Z
80718981-6489-4445-b11c-31c21d47a7fe,66e5f9bb-db6c-4a90-9145-11d0306bf60e,5,2025-01-25T06:17:49.452Z
96c249e5-182b-41c4-ba79-568e6b8a5348,66e5f9bb-db6c-4a90-9145-11d0306bf60e,4,2025-10-30T04:05:03.702Z
af030a18-532b-414f-9e29-00969a0c3171,66e5f9bb-db6c-4a90-9145-11d0306bf60e,5,2025-08-20T15:42:23.356Z
3bccc6ad-e8b7-4fdb-867f-c98fbbc1670c,ad915a6b-5ddf-433e-9dd8-50175154884b,4,2025-01-29T19:49:17.269Z
ee8779ee-9b66-4943-88fb-37ceb938b17f,ad915a6b-5ddf-433e-9dd8-50175154884b,5,2025-05-03T19:07:35.858Z
70b36e3e-a559-40d8-89b8-3e50f03bf8bf,ad915a6b-5ddf-433e-9dd8-50175154884b,5,2025-03-16T04:10:52.345Z
a7fed50a-6359-4f56-b730-c8318f38b2da,ad915a6b-5ddf-433e-9dd8-50175154884b,1,2025-06-01T09:05:43.055Z
558968ce-9f13-492e-9437-e5595830bc68,ad915a6b-5ddf-433e-9dd8-50175154884b,5,2025-04-24T01:48:58.675Z
16c9b5ce-14b7-4d89-9ff3-e10d645becf5,ad915a6b-5ddf-433e-9dd8-50175154884b,3,2025-10-29T09:29:44.832Z
46c49bf4-ed45-4556-ad2b-f9889bd64ef3,ad915a6b-5ddf-433e-9dd8-50175154884b,4,2024-12-21T18:11:32.436Z
5122f6d3-ec10-4cc7-8705-dbc1d5ce6d1d,ad915a6b-5ddf-433e-9dd8-50175154884b,4,2025-09-23T07:44:27.681Z
fc402c10-9d58-478b-98d2-50ee939efd03,ad915a6b-5ddf-433e-9dd8-50175154884b,5,2024-11-28T08:58:51.600Z
b3c2cff5-4e66-4851-b9c1-d82a9acef6bc,ad915a6b-5ddf-433e-9dd8-50175154884b,4,2025-03-29T18:49:25.398Z
3c0ffc58-d03d-45e0-9546-e375e5fb2563,ad915a6b-5ddf-433e-9dd8-50175154884b,5,2025-07-24T05:07:00.297Z
6f8eb380-15f2-4228-91f6-e0ae7bb34c23,d03a0559-5de9-4892-9fed-e90f0f4abe86,5,2025-04-28T04:30:44.506Z
140d79ec-9466-4663-924d-71fa48cc7e63,d03a0559-5de9-4892-9fed-e90f0f4abe86,5,2025-04-03T09:34:49.172Z
02f73d51-3542-42bc-b3e5-e005f2b9efd8,d03a0559-5de9-4892-9fed-e90f0f4abe86,5,2025-04-02T21:38:41.735Z
abab0fa4-6cb1-4b81-9b96-e685903a5b08,d03a0559-5de9-4892-9fed-e90f0f4abe86,5,2025-06-02T08:05:19.572Z
e6607494-23fe-46c2-9ac5-6d1991c0c6a3,d03a0559-5de9-4892-9fed-e90f0f4abe86,4,2024-12-20T03:14:00.181Z
cd2f59bf-8496-48e3-a487-1162c7da657d,d03a0559-5de9-4892-9fed-e90f0f4abe86,5,2025-02-28T03:38:14.501Z
7a4e5587-5b1d-4c78-99a8-0a304208a1ee,d03a0559-5de9-4892-9fed-e90f0f4abe86,3,2024-12-01T10:45:41.949Z
5497b336-e993-45aa-8186-c087035a6f06,d03a0559-5de9-4892-9fed-e90f0f4abe86,4,2025-04-23T12:01:51.300Z
dc6de6ed-550f-453c-a5f4-95e05ce1dcf5,d03a0559-5de9-4892-9fed-e90f0f4abe86,5,2025-05-12T07:42:09.309Z
148d3c5a-bcf0-4f25-83e8-c1ee584968df,d03a0559-5de9-4892-9fed-e90f0f4abe86,5,2024-12-21T05:35:57.430Z
25aad1bb-5ccf-450c-94e0-4c592609630d,14549f3c-934c-4498-9aa1-9ac2b75fb8f2,4,2025-09-03T03:56:05.628Z
1a87a65b-2f0a-4d6a-be82-d3925994a470,14549f3c-934c-4498-9aa1-9ac2b75fb8f2,5,2025-05-24T17:14:33.225Z
41279edc-7fea-49aa-a1d8-481638393165,14549f3c-934c-4498-9aa1-9ac2b75fb8f2,5,2025-06-07T01:02:23.323Z
4e459b21-4de5-4e3f-92d7-1254b18da0ca,d4df1838-8494-4adf-95be-a508501511b4,4,2025-08-11T18:50:18.435Z
7a4e5587-5b1d-4c78-99a8-0a304208a1ee,d4df1838-8494-4adf-95be-a508501511b4,5,2024-12-21T11:43:14.984Z
436fdfe4-29f2-4ee3-8e25-d7fe2dbf1aa0,d4df1838-8494-4adf-95be-a508501511b4,5,2025-05-07T00:37:55.752Z
a16889c2-30b1-486a-a38b-ada4b73d60f5,89c51063-7144-44d7-8bdf-e484d792dd71,5,2025-09-17T11:11:01.118Z
ef89f62a-3610-4314-86d3-092028466728,89c51063-7144-44d7-8bdf-e484d792dd71,5,2025-09-04T00:25:16.192Z
820f8f09-3c32-4809-8663-ec1ec29fdfcd,89c51063-7144-44d7-8bdf-e484d792dd71,5,2025-05-12T14:12:28.229Z
77d9a104-c845-4b1b-9b29-6aae52f1ba78,89c51063-7144-44d7-8bdf-e484d792dd71,5,2025-02-23T10:31:53.908Z
d9a478ac-af75-497f-bd50-89af07429ffe,89c51063-7144-44d7-8bdf-e484d792dd71,5,2025-01-02T12:24:44.583Z
7a3dea02-332d-4dc2-82ce-b4be818fbb2a,89c51063-7144-44d7-8bdf-e484d792dd71,5,2025-10-11T18:20:11.140Z
9aaf66a5-6d38-4af2-9b89-a6f0d080014d,89c51063-7144-44d7-8bdf-e484d792dd71,4,2025-01-25T17:04:02.250Z
9aef9db4-9317-4081-b7f6-52747feab998,89c51063-7144-44d7-8bdf-e484d792dd71,4,2025-10-16T10:03:31.212Z
72a64848-ea47-45e0-87fa-78cc9aaf48ac,89c51063-7144-44d7-8bdf-e484d792dd71,4,2025-05-12T21:10:56.677Z
6e68a2ea-a471-4bb4-9a15-e7000153d93e,f9a882ac-252a-4057-bd04-6a7e249d2f91,4,2025-02-16T02:32:53.538Z
12d0c94c-077d-4bb1-bdf7-076d1621be2f,f9a882ac-252a-4057-bd04-6a7e249d2f91,5,2024-12-03T03:54:57.196Z
0366ebc5-9c79-48d4-9354-c3b237bb303b,f9a882ac-252a-4057-bd04-6a7e249d2f91,4,2025-01-15T01:23:03.849Z
dd09414c-c47e-4d72-89e4-20c9d31f0287,f9a882ac-252a-4057-bd04-6a7e249d2f91,5,2025-10-19T15:47:51.817Z
d2cc66c9-1d39-414f-840b-1f9d9dd21743,f9a882ac-252a-4057-bd04-6a7e249d2f91,4,2025-02-12T14:25:14.800Z
646acf81-ecb2-4b49-9634-a944e31bdd49,f9a882ac-252a-4057-bd04-6a7e249d2f91,3,2025-06-20T15:26:41.654Z
b10acb61-149b-432a-8123-46b8b832cf6f,f9a882ac-252a-4057-bd04-6a7e249d2f91,4,2025-06-16T18:34:46.969Z
140d79ec-9466-4663-924d-71fa48cc7e63,f9a882ac-252a-4057-bd04-6a7e249d2f91,4,2024-12-08T11:37:11.570Z
4df53387-6a31-4e82-86e7-4ab57dfce69b,936e23e3-8b8c-4961-a84d-4ad15bdd114a,5,2025-06-26T11:23:27.022Z
5b970211-c605-4b59-8580-e2e9b80b64a9,936e23e3-8b8c-4961-a84d-4ad15bdd114a,3,2025-06-08T12:17:58.871Z
68023e17-cc70-422e-9040-6abee71e8385,936e23e3-8b8c-4961-a84d-4ad15bdd114a,4,2025-06-04T10:27:24.345Z
e85af8b8-91e3-4830-8a53-7a113e0a5ea7,936e23e3-8b8c-4961-a84d-4ad15bdd114a,4,2025-01-05T21:21:08.864Z
b3c2cff5-4e66-4851-b9c1-d82a9acef6bc,936e23e3-8b8c-4961-a84d-4ad15bdd114a,5,2025-06-20T10:41:00.855Z
f060269d-967e-4b50-bff5-3e2adb09eec6,936e23e3-8b8c-4961-a84d-4ad15bdd114a,5,2025-09-29T19:22:20.073Z
d0febdea-21b5-4784-8b41-8ce90fd02c01,936e23e3-8b8c-4961-a84d-4ad15bdd114a,4,2025-03-07T16:08:28.162Z
5b559624-7ed9-4d8c-a47a-281b64d3b71d,936e23e3-8b8c-4961-a84d-4ad15bdd114a,4,2025-10-07T19:35:42.424Z
fc402c10-9d58-478b-98d2-50ee939efd03,936e23e3-8b8c-4961-a84d-4ad15bdd114a,4,2024-11-19T09:44:53.760Z
4e0af0f4-c8f1-4966-9b35-4ff196d296ed,936e23e3-8b8c-4961-a84d-4ad15bdd114a,5,2025-09-15T20:20:51.025Z
a646056e-9679-40bf-92a3-975d5dbd98ee,936e23e3-8b8c-4961-a84d-4ad15bdd114a,4,2024-12-04T00:37:44.189Z
5e9a162f-d632-468b-8588-61c3710414a1,936e23e3-8b8c-4961-a84d-4ad15bdd114a,4,2025-10-16T19:22:58.654Z
ff829392-ccb1-49a6-a46e-3bb209d5a296,936e23e3-8b8c-4961-a84d-4ad15bdd114a,4,2025-08-12T23:14:45.342Z
6a58f60d-23f5-460f-aab7-16d78a0ed938,642e371c-7fad-4eaa-8c8b-df66a101fbc5,5,2025-02-09T00:33:32.614Z
7a3dea02-332d-4dc2-82ce-b4be818fbb2a,3d17259a-2fb4-41d5-a9ef-89f86dbfc1fa,2,2025-01-20T08:32:40.384Z
ea6ec6a1-c1a9-450c-9e94-f70f2637205f,3d17259a-2fb4-41d5-a9ef-89f86dbfc1fa,4,2025-06-01T07:51:58.653Z
4acb14ce-639a-4553-9acf-cf151d13a7e7,3d17259a-2fb4-41d5-a9ef-89f86dbfc1fa,5,2025-06-18T02:50:20.428Z
cf9bd809-129f-4dbf-b98f-bce6c4380ac0,3d17259a-2fb4-41d5-a9ef-89f86dbfc1fa,5,2024-11-15T10:07:40.106Z
76aa06a1-205a-41c3-910d-5e20af223698,3d17259a-2fb4-41d5-a9ef-89f86dbfc1fa,3,2025-09-25T01:22:55.892Z
f72d8698-7837-4489-95b6-7cc03055ed3e,3d17259a-2fb4-41d5-a9ef-89f86dbfc1fa,5,2025-05-22T15:03:00.615Z
ec4972fc-ed7a-4528-8bd7-a7a832796f65,3d17259a-2fb4-41d5-a9ef-89f86dbfc1fa,4,2025-06-26T19:27:14.864Z
e4a36e93-52d6-4a56-af31-70b4a7c0865d,3d17259a-2fb4-41d5-a9ef-89f86dbfc1fa,4,2025-02-22T16:44:00.169Z
e9134318-5c34-4b9a-a241-a5353a5edf26,be90590a-ea82-4bb4-b84d-1343799315fe,4,2025-02-01T19:11:23.578Z
751bffa8-35e9-4772-9fb1-2397f36e50f7,be90590a-ea82-4bb4-b84d-1343799315fe,5,2025-08-26T05:40:45.175Z
f859f03f-e735-40fc-b441-6974f119030f,e727c460-659d-4e52-8965-bfef75da54c6,4,2025-04-01T16:21:30.658Z
05ed5d86-4566-4940-b76e-c1b81e20c927,e727c460-659d-4e52-8965-bfef75da54c6,5,2025-04-19T00:18:28.468Z
7e7eb3cf-ae65-4ddd-8eec-b12eb06d18c5,e727c460-659d-4e52-8965-bfef75da54c6,4,2025-07-13T20:52:12.687Z
e0cbed52-696e-4a33-90f9-bf2033798cf5,ff20c323-3c10-4733-bb79-a6adaefe1f61,3,2025-01-01T02:20:38.933Z
fbd8d6af-01d1-4113-a230-fe7036e84fb3,ff20c323-3c10-4733-bb79-a6adaefe1f61,5,2025-04-05T03:53:21.721Z
b2f64758-46dd-4976-8099-3d51ed6c82fc,ff20c323-3c10-4733-bb79-a6adaefe1f61,5,2025-04-22T23:50:14.560Z
a4f16f09-bfc1-4950-a1d6-729d024a1ec2,7b999356-64d2-44c8-bdc6-81a6f002c3b3,4,2025-03-08T14:41:43.068Z
70b36e3e-a559-40d8-89b8-3e50f03bf8bf,7b999356-64d2-44c8-bdc6-81a6f002c3b3,4,2024-12-26T20:00:50.958Z
3ff21cdf-68c1-4a8f-8453-082f0a8bfc59,7b999356-64d2-44c8-bdc6-81a6f002c3b3,4,2025-09-15T00:13:13.137Z
9aaf66a5-6d38-4af2-9b89-a6f0d080014d,7b999356-64d2-44c8-bdc6-81a6f002c3b3,5,2025-02-28T23:41:59.103Z
6f906e05-9e8f-419f-82ae-8a4b8ba08e0f,7b999356-64d2-44c8-bdc6-81a6f002c3b3,5,2025-10-31T05:25:28.632Z
5b24299f-d5d5-4ee0-bc02-821e0a723ff1,7b999356-64d2-44c8-bdc6-81a6f002c3b3,3,2025-03-10T12:05:03.606Z
ada3ff14-d461-4de7-a327-16869c0b6e00,7b999356-64d2-44c8-bdc6-81a6f002c3b3,5,2025-03-29T23:42:10.711Z
9797e2f2-d8ff-4432-86f3-891e8f0a5aed,7b999356-64d2-44c8-bdc6-81a6f002c3b3,4,2025-08-09T04:27:20.425Z
d6e4617e-45b6-4592-a43c-67f0f46d772c,b9e20a89-95c7-4627-8fa4-ab47c0b87694,4,2025-05-11T10:50:28.136Z
5020fa2d-b3cc-4c8e-a15a-26322253dc57,b9e20a89-95c7-4627-8fa4-ab47c0b87694,3,2024-12-13T03:25:54.360Z
6ada36e6-802f-4037-ab90-c30d197d6510,b9e20a89-95c7-4627-8fa4-ab47c0b87694,4,2025-01-31T15:39:53.858Z
b6612f11-50eb-466f-b50a-43d7cdadb43f,b9e20a89-95c7-4627-8fa4-ab47c0b87694,1,2024-12-19T02:38:47.539Z
2726197e-a44e-4c60-b43c-96c0faf6379e,b9e20a89-95c7-4627-8fa4-ab47c0b87694,2,2025-04-17T13:41:58.657Z
a815df38-2380-43eb-b1e4-732d93af8ec4,b9e20a89-95c7-4627-8fa4-ab47c0b87694,4,2024-12-25T19:32:54.336Z
c8d92d05-a7d9-4fcc-b997-3da124ed7849,b9e20a89-95c7-4627-8fa4-ab47c0b87694,3,2024-11-22T20:14:33.833Z
da1e0f66-ff00-46d1-ad10-60cde646dc9f,b9e20a89-95c7-4627-8fa4-ab47c0b87694,5,2025-10-15T15:39:57.477Z
c2d82165-110d-4b59-a1c5-eb4665ab4283,b9e20a89-95c7-4627-8fa4-ab47c0b87694,5,2025-09-15T23:42:06.486Z
c6d7c1ef-46aa-4f70-9e11-566dfa21601f,b9e20a89-95c7-4627-8fa4-ab47c0b87694,3,2025-04-06T01:55:03.707Z
2cdd50f8-953e-442b-99da-bc44d5c2d761,61edee86-8a1e-44f2-b885-2e970828adcf,5,2025-10-21T23:19:19.290Z
d8df2ed8-d091-4e92-ab5d-705af23634a9,61edee86-8a1e-44f2-b885-2e970828adcf,5,2025-09-29T22:05:20.559Z
d46a8943-7cac-4662-a012-2232f3cf5da4,61edee86-8a1e-44f2-b885-2e970828adcf,5,2025-08-28T11:24:01.641Z
29e73a97-0aaa-4980-9e85-9b0e035deec4,61edee86-8a1e-44f2-b885-2e970828adcf,4,2025-10-11T09:41:26.687Z
717d094d-efd8-443c-87f9-d53b461f9f72,61edee86-8a1e-44f2-b885-2e970828adcf,5,2025-07-25T17:53:15.450Z
610ee89f-c30d-41e2-a212-4434b87864ed,61edee86-8a1e-44f2-b885-2e970828adcf,4,2025-01-12T16:41:20.616Z
5cd3fc9b-2fa2-4916-8116-83dc0a5ec772,61edee86-8a1e-44f2-b885-2e970828adcf,4,2025-01-01T13:24:22.425Z
ea6ec6a1-c1a9-450c-9e94-f70f2637205f,dfeb9325-c435-4916-88cc-de34a2372195,5,2025-11-03T03:04:39.770Z
6ada36e6-802f-4037-ab90-c30d197d6510,dfeb9325-c435-4916-88cc-de34a2372195,4,2025-04-23T20:38:17.431Z
12dcd9a7-5ec8-47a1-a469-f784d041e3be,dfeb9325-c435-4916-88cc-de34a2372195,3,2025-09-21T10:24:54.640Z
db7df5ef-8e7f-4861-8e93-9137d444d820,cd73fc03-f7f6-4a63-bdec-b4f4d968eaea,5,2025-05-05T00:28:38.400Z
1a35b5fe-5142-4a21-8187-47ac2b2704c2,cd73fc03-f7f6-4a63-bdec-b4f4d968eaea,5,2024-12-07T05:59:51.519Z
dac59a3e-5c97-427e-860a-5fcb695e0f7c,cd73fc03-f7f6-4a63-bdec-b4f4d968eaea,5,2025-03-27T23:42:55.788Z
a7fed50a-6359-4f56-b730-c8318f38b2da,cd73fc03-f7f6-4a63-bdec-b4f4d968eaea,5,2025-04-20T08:37:22.666Z
7bd3961a-7b18-4259-9f8a-9dea19c6e99d,d09aae53-d967-4fa9-af49-95b767c8e786,5,2025-01-31T06:49:06.161Z
34e17e2c-4f97-46a0-8d72-6b050d2f9cac,d09aae53-d967-4fa9-af49-95b767c8e786,5,2025-06-05T10:06:12.139Z
c4b5898b-be02-4a6a-87e9-968c2ac583a9,d09aae53-d967-4fa9-af49-95b767c8e786,4,2024-11-22T03:10:27.855Z
1eaf0ffb-6cee-42d5-8729-74d5329d5362,d09aae53-d967-4fa9-af49-95b767c8e786,4,2025-02-15T02:57:03.691Z
72b1458f-587a-405e-b93c-7d696f1f280c,d09aae53-d967-4fa9-af49-95b767c8e786,4,2025-06-10T14:21:18.111Z
99cb3fa2-b1a4-4e93-b9fb-35984aad65d3,e813a899-e18e-40c9-bbcc-9065a4ca6244,5,2025-09-08T04:51:59.795Z
3754bbbd-ae73-46e4-98f4-4066d2201cd5,e813a899-e18e-40c9-bbcc-9065a4ca6244,5,2025-07-07T23:48:11.147Z
bcf73dcf-9742-49de-bf7c-260da16c340f,e813a899-e18e-40c9-bbcc-9065a4ca6244,5,2025-02-16T17:27:02.235Z
f0981677-db7a-4b96-80bf-340dd0bdefd9,e813a899-e18e-40c9-bbcc-9065a4ca6244,2,2024-11-07T08:19:48.240Z
820f8f09-3c32-4809-8663-ec1ec29fdfcd,e813a899-e18e-40c9-bbcc-9065a4ca6244,5,2024-12-13T14:56:33.112Z
6f8eb380-15f2-4228-91f6-e0ae7bb34c23,e813a899-e18e-40c9-bbcc-9065a4ca6244,5,2024-12-23T06:41:25.668Z
6d524cd9-5f55-4444-97d7-6f25c44f225f,e813a899-e18e-40c9-bbcc-9065a4ca6244,5,2025-02-08T22:57:17.477Z
5a2735b5-4f67-44b0-a404-aa208a91f5ac,e813a899-e18e-40c9-bbcc-9065a4ca6244,3,2025-03-17T22:58:04.413Z
7bd3961a-7b18-4259-9f8a-9dea19c6e99d,1ee33399-56ab-46e6-a85a-bc0e29ec69ca,4,2025-03-31T15:28:38.294Z
4e0af0f4-c8f1-4966-9b35-4ff196d296ed,1ee33399-56ab-46e6-a85a-bc0e29ec69ca,4,2024-11-20T21:13:58.299Z
1ce658d5-4829-4d88-b748-703c0041e09a,1ee33399-56ab-46e6-a85a-bc0e29ec69ca,5,2024-11-23T01:05:05.635Z
98c241e6-4cc6-4ad8-9937-bc8a79b1f63b,1ee33399-56ab-46e6-a85a-bc0e29ec69ca,5,2025-05-28T13:24:02.494Z
dac59a3e-5c97-427e-860a-5fcb695e0f7c,1ee33399-56ab-46e6-a85a-bc0e29ec69ca,5,2025-03-16T18:26:43.091Z
8a16d977-9cd9-4840-9fa7-d50a8722aeb4,ecffd200-be26-42a1-b171-9305f8dba5cb,2,2025-02-17T18:27:43.562Z
cf9bd809-129f-4dbf-b98f-bce6c4380ac0,ecffd200-be26-42a1-b171-9305f8dba5cb,5,2025-03-25T11:17:23.873Z
69d1cadb-9bc6-4354-91fe-fd84eb8a723d,ecffd200-be26-42a1-b171-9305f8dba5cb,5,2025-04-17T20:20:50.296Z
3669db46-ab7e-47ec-a967-f4bbb7d0245a,ecffd200-be26-42a1-b171-9305f8dba5cb,4,2025-05-24T04:33:51.011Z
8346645b-8a98-41d6-a662-14d607505f19,ecffd200-be26-42a1-b171-9305f8dba5cb,5,2025-09-01T19:07:47.378Z
bf69f898-ee66-4c68-9d91-b1fb4d17636b,ecffd200-be26-42a1-b171-9305f8dba5cb,5,2025-06-19T23:50:05.961Z
9e6409de-ea5f-453f-8dfd-7a984bb68d62,ecffd200-be26-42a1-b171-9305f8dba5cb,5,2025-06-15T12:54:23.090Z
be2af84e-3c6b-40c0-85c4-786679ee7015,ecffd200-be26-42a1-b171-9305f8dba5cb,4,2024-12-21T08:28:52.652Z
8aeebdbd-fc77-4210-8116-6c2d81e3c7dc,c47e9127-d184-4824-a685-77329465e9c7,4,2024-12-09T16:08:08.130Z
f530ba4d-1647-4731-bf50-8c4d891e07bd,c47e9127-d184-4824-a685-77329465e9c7,5,2025-03-20T16:00:57.375Z
66f5447a-fcaa-4626-8184-77cbaa92787f,c47e9127-d184-4824-a685-77329465e9c7,4,2025-10-30T18:35:33.814Z
24c970a9-cb51-4fbe-82ae-a691df53f6d1,c47e9127-d184-4824-a685-77329465e9c7,5,2025-05-27T02:28:08.052Z
5f5dbcf2-c06f-473a-ad00-ba502becee3d,c47e9127-d184-4824-a685-77329465e9c7,4,2025-03-17T21:27:59.799Z
69daa782-f015-406e-923a-2654cd55db8c,c47e9127-d184-4824-a685-77329465e9c7,2,2024-12-27T01:15:42.973Z
d1ce1541-9796-4c88-bcb0-bbbe3cf9afc8,c47e9127-d184-4824-a685-77329465e9c7,4,2025-06-12T09:41:40.299Z
619c25b8-f56b-4e6f-aff3-861756d89ec8,7fff0459-0b5c-4d58-b69d-7c5a05b794c8,5,2025-03-30T23:06:42.252Z
1a87a65b-2f0a-4d6a-be82-d3925994a470,7fff0459-0b5c-4d58-b69d-7c5a05b794c8,5,2024-11-19T01:30:49.446Z
6f906e05-9e8f-419f-82ae-8a4b8ba08e0f,7fff0459-0b5c-4d58-b69d-7c5a05b794c8,5,2024-11-18T13:45:33.759Z
3d68f493-b111-4f0e-ae1e-f43e09169623,c81c196d-ffcf-43e8-bb38-b59271ddd97e,5,2025-07-22T23:49:25.506Z
1fa63e00-e9cb-4522-95fc-709d8085fdc2,c81c196d-ffcf-43e8-bb38-b59271ddd97e,5,2025-08-25T00:01:14.245Z
5497b336-e993-45aa-8186-c087035a6f06,c81c196d-ffcf-43e8-bb38-b59271ddd97e,5,2025-05-13T00:59:41.236Z
17a73841-4388-4093-8e25-32dd72a9686e,c81c196d-ffcf-43e8-bb38-b59271ddd97e,5,2024-12-28T18:13:37.231Z
05d207c9-412a-4f38-93e5-1574fb7991c2,6fa895f2-5e2a-4c0b-87f4-d918058fad15,5,2025-09-26T13:37:37.020Z
94f0d7a4-11b1-44fe-ae75-098f9fe9a952,6fa895f2-5e2a-4c0b-87f4-d918058fad15,4,2024-12-25T09:56:07.665Z
5122f6d3-ec10-4cc7-8705-dbc1d5ce6d1d,6fa895f2-5e2a-4c0b-87f4-d918058fad15,4,2025-10-10T12:48:13.305Z
f3670d6e-8dff-45c4-9ebf-997142cd6759,6fa895f2-5e2a-4c0b-87f4-d918058fad15,5,2025-02-28T16:48:24.120Z
f859f03f-e735-40fc-b441-6974f119030f,6fa895f2-5e2a-4c0b-87f4-d918058fad15,5,2025-03-27T21:11:40.189Z
22ad9ff2-4543-4784-bf81-12fa428fd7e1,6fa895f2-5e2a-4c0b-87f4-d918058fad15,5,2025-06-17T12:44:39.127Z
cebcd63a-409e-4bf7-9eb7-0b27e0963237,6fa895f2-5e2a-4c0b-87f4-d918058fad15,4,2025-09-08T02:41:42.574Z
c939af29-fa55-4ac0-8295-d08055fac79b,a8d2e23a-fce5-49d8-8d5f-680750de8081,5,2025-06-09T05:05:48.214Z
6643310e-d373-4304-b7ae-20bb87c94b7b,a8d2e23a-fce5-49d8-8d5f-680750de8081,4,2025-05-08T15:39:01.088Z
fcc01acd-f5d3-4b36-b603-5a4b9073fd5f,a8d2e23a-fce5-49d8-8d5f-680750de8081,5,2025-05-09T12:40:49.312Z
7d599926-3e37-430a-bd94-3e40de4f878f,a8d2e23a-fce5-49d8-8d5f-680750de8081,3,2025-05-02T06:31:37.479Z
3af8418d-b11b-44f9-ae6c-5933433de1f6,33af9d33-6deb-47ea-aee8-9655190569b8,5,2025-05-28T23:06:28.281Z
a372d383-5a41-434e-b9af-6518f8bc03f6,33af9d33-6deb-47ea-aee8-9655190569b8,4,2025-04-26T19:26:36.406Z
bdef3660-fe95-4690-9b3c-59d43b4dd35b,33af9d33-6deb-47ea-aee8-9655190569b8,4,2024-11-10T10:29:04.012Z
35e06f1d-6e21-4a4a-bf70-27a6c3b75dad,33af9d33-6deb-47ea-aee8-9655190569b8,5,2025-03-05T08:12:56.407Z
bb6e44ad-2fde-47c3-b4e5-31b0592bfd85,33af9d33-6deb-47ea-aee8-9655190569b8,4,2024-12-14T09:24:59.094Z
a5b0d171-fc72-4e49-a77b-417fb3e4b4d1,33af9d33-6deb-47ea-aee8-9655190569b8,5,2025-04-05T11:56:27.315Z
2f384b6c-abeb-4599-b264-95a0045d1ef3,ab251b59-bc21-4742-bfc8-22fc165a0690,5,2025-02-24T17:40:44.171Z
988b99c6-f9ac-4142-8e50-a9b351e7c57d,ab251b59-bc21-4742-bfc8-22fc165a0690,5,2025-09-28T15:01:32.232Z
f9d79009-e1be-4919-bdf6-ef2664b5ffb9,ab251b59-bc21-4742-bfc8-22fc165a0690,5,2025-09-18T21:15:37.510Z
19eebc24-6bbe-49f7-a08d-93697974e1d2,ab251b59-bc21-4742-bfc8-22fc165a0690,4,2025-06-22T04:35:42.861Z
a6f22c51-1cf2-45cd-bb0d-da32feb817b3,ab251b59-bc21-4742-bfc8-22fc165a0690,3,2025-06-10T09:00:55.166Z
610ee89f-c30d-41e2-a212-4434b87864ed,82b702a6-960b-4148-afdb-90178dca63e7,5,2025-02-09T08:13:29.899Z
0158ce83-f3f9-4aaa-8054-915b6ed9e887,82b702a6-960b-4148-afdb-90178dca63e7,5,2025-07-01T19:24:07.232Z
49423b31-1ee4-4908-b4d1-d9fc4f9d1db0,82b702a6-960b-4148-afdb-90178dca63e7,4,2025-10-25T09:27:57.835Z
03cae89b-8299-4026-9539-dfafec31f3e2,82b702a6-960b-4148-afdb-90178dca63e7,5,2025-06-03T15:24:57.784Z
dedbc624-6f7c-47d1-8b78-0826c5fa4c67,82b702a6-960b-4148-afdb-90178dca63e7,3,2025-01-26T11:14:17.489Z
62440f30-2f11-49b1-894d-f876049b8080,82b702a6-960b-4148-afdb-90178dca63e7,5,2024-11-23T02:48:57.387Z
84ba0791-12f3-4337-baa7-bd59dc673013,82b702a6-960b-4148-afdb-90178dca63e7,3,2025-04-28T20:08:51.429Z
d2cc66c9-1d39-414f-840b-1f9d9dd21743,82b702a6-960b-4148-afdb-90178dca63e7,4,2025-05-14T19:56:37.323Z
5f2be55b-0956-4cbe-908a-0adfa12dec64,82b702a6-960b-4148-afdb-90178dca63e7,5,2025-07-25T18:21:52.339Z
11d6a4bd-0861-492c-878e-2dcccd59625e,67cc0481-7571-4591-81ca-a464cd2962b5,4,2025-08-14T06:39:37.143Z
7c74f49a-c094-47ca-b97a-f1952e16514c,67cc0481-7571-4591-81ca-a464cd2962b5,3,2025-03-23T05:18:22.072Z
86c2c337-31f2-4621-84cf-55fabccb17df,67cc0481-7571-4591-81ca-a464cd2962b5,3,2025-08-31T11:08:04.445Z
cd38773c-b5f9-49d6-ac27-0e9156bd5963,67cc0481-7571-4591-81ca-a464cd2962b5,5,2025-01-31T19:41:08.908Z
c3fd5dfb-3f5d-48a1-a567-a84f4a68c1bd,67cc0481-7571-4591-81ca-a464cd2962b5,4,2025-06-01T11:39:44.896Z
58a75f67-1837-40d3-9e82-5ad154592bc5,67cc0481-7571-4591-81ca-a464cd2962b5,5,2025-07-18T05:14:49.455Z
1a35b5fe-5142-4a21-8187-47ac2b2704c2,67cc0481-7571-4591-81ca-a464cd2962b5,5,2025-01-13T01:01:06.666Z
9776a5e0-afa1-48ea-be97-dfd967debaa2,67cc0481-7571-4591-81ca-a464cd2962b5,3,2025-04-14T10:41:13.598Z
73498cbc-948f-4ba2-9202-38f83e04c095,67cc0481-7571-4591-81ca-a464cd2962b5,2,2025-04-06T07:34:35.311Z
bb6e44ad-2fde-47c3-b4e5-31b0592bfd85,67cc0481-7571-4591-81ca-a464cd2962b5,5,2025-04-04T04:33:29.163Z
09c012a4-181a-40db-a206-21c753c02c6f,94abb720-b044-41d8-ae25-80c09eef6d49,3,2025-01-17T19:54:52.003Z
60766641-f54f-4806-ad18-d9763724fa7a,94abb720-b044-41d8-ae25-80c09eef6d49,4,2025-05-06T15:28:41.626Z
5f5dbcf2-c06f-473a-ad00-ba502becee3d,30c19a00-907c-4d7c-9e4d-d765280b7956,4,2025-06-15T16:43:07.705Z
05ed5d86-4566-4940-b76e-c1b81e20c927,30c19a00-907c-4d7c-9e4d-d765280b7956,5,2025-04-25T14:37:45.119Z
3a6fc72b-c6c4-47ee-895b-543ff0426ea1,30c19a00-907c-4d7c-9e4d-d765280b7956,4,2025-09-10T05:19:04.854Z
e0e291a6-5e82-4810-9075-58c0bf695b89,30c19a00-907c-4d7c-9e4d-d765280b7956,4,2025-07-28T00:52:52.002Z
f56c088c-b42a-44c5-bd2e-22fde1c88f4f,30c19a00-907c-4d7c-9e4d-d765280b7956,4,2025-07-20T03:18:18.676Z
8926e6d1-c09d-4f96-92a7-415b5a887233,30c19a00-907c-4d7c-9e4d-d765280b7956,5,2025-05-12T19:18:05.174Z
2882b8bf-c8df-4cec-8225-861d6273e68b,30c19a00-907c-4d7c-9e4d-d765280b7956,2,2025-05-28T05:14:51.818Z
1ce658d5-4829-4d88-b748-703c0041e09a,30c19a00-907c-4d7c-9e4d-d765280b7956,5,2025-11-03T21:57:15.853Z
6a58f60d-23f5-460f-aab7-16d78a0ed938,30c19a00-907c-4d7c-9e4d-d765280b7956,5,2025-04-28T01:56:02.831Z
0a151aca-7284-4aaa-8538-846fef271318,6965008c-ca89-4dc9-8572-0b1d7ee7d1a9,4,2025-03-21T23:48:15.980Z
cfe7dbb6-48f8-4e85-8c70-e43307655faf,6965008c-ca89-4dc9-8572-0b1d7ee7d1a9,4,2025-10-19T18:43:27.512Z
ade36c23-1823-40ad-94fd-b69be6a6b6b0,6965008c-ca89-4dc9-8572-0b1d7ee7d1a9,4,2025-04-21T05:56:56.728Z
9f880f57-e87d-4068-90ac-e3f44c08fb14,6965008c-ca89-4dc9-8572-0b1d7ee7d1a9,5,2025-05-18T01:54:46.031Z
e83999f5-50f7-43c2-be11-c4f6f134c689,6965008c-ca89-4dc9-8572-0b1d7ee7d1a9,4,2025-05-22T21:08:55.763Z
b8c91cb1-71a6-4fe7-8905-9fa1091eaf24,6965008c-ca89-4dc9-8572-0b1d7ee7d1a9,5,2025-07-09T05:09:02.241Z
751bffa8-35e9-4772-9fb1-2397f36e50f7,6965008c-ca89-4dc9-8572-0b1d7ee7d1a9,5,2025-09-17T06:17:56.949Z
3adfd5e7-e774-42a6-8ea6-5be40ac0cf66,95955bc0-c8a1-4253-b9bc-98d86fd6ad81,5,2025-07-10T23:54:14.320Z
9460efec-e9ef-4de3-ac61-ceb068cebd21,95955bc0-c8a1-4253-b9bc-98d86fd6ad81,4,2025-08-24T21:16:26.728Z
81275da9-82ab-4f99-9eab-03c9704b819d,95955bc0-c8a1-4253-b9bc-98d86fd6ad81,5,2025-02-08T21:59:03.626Z
29e73a97-0aaa-4980-9e85-9b0e035deec4,95955bc0-c8a1-4253-b9bc-98d86fd6ad81,5,2025-04-30T04:51:19.645Z
5020fa2d-b3cc-4c8e-a15a-26322253dc57,95955bc0-c8a1-4253-b9bc-98d86fd6ad81,3,2025-10-20T00:26:19.474Z
b6612f11-50eb-466f-b50a-43d7cdadb43f,95955bc0-c8a1-4253-b9bc-98d86fd6ad81,5,2025-02-14T06:21:07.178Z
260488c4-8a1b-4c1d-9685-9000859f554e,b9e7fea1-57bf-481e-90d2-789965b0b1e6,4,2025-02-21T09:13:15.225Z
624081d7-963c-41e9-8323-742809d9a92a,b9e7fea1-57bf-481e-90d2-789965b0b1e6,5,2025-10-14T05:29:06.833Z
22345958-84cf-40dd-9ab4-05ea7aa66f91,b9e7fea1-57bf-481e-90d2-789965b0b1e6,4,2025-10-29T02:54:24.859Z
da1e0f66-ff00-46d1-ad10-60cde646dc9f,b9e7fea1-57bf-481e-90d2-789965b0b1e6,5,2025-08-13T00:34:38.819Z
c3fd5dfb-3f5d-48a1-a567-a84f4a68c1bd,b9e7fea1-57bf-481e-90d2-789965b0b1e6,4,2025-07-19T19:38:28.769Z
e9134318-5c34-4b9a-a241-a5353a5edf26,b9e7fea1-57bf-481e-90d2-789965b0b1e6,4,2025-07-14T11:07:34.665Z
0fb3157f-ff6d-4f2e-9c97-4d0db549240f,b9e7fea1-57bf-481e-90d2-789965b0b1e6,3,2025-05-01T23:07:57.083Z
cf9bd809-129f-4dbf-b98f-bce6c4380ac0,b9e7fea1-57bf-481e-90d2-789965b0b1e6,4,2025-04-28T14:29:25.957Z
857b4548-c0ae-4799-bda3-0cba929382b9,514b0c9d-dbc5-442e-9466-ae00110d79ce,5,2025-05-28T01:44:54.916Z
e6607494-23fe-46c2-9ac5-6d1991c0c6a3,4ea57681-2b3c-4c5e-bcfc-ce7f965bcf40,4,2025-10-11T16:07:24.724Z
bdef3660-fe95-4690-9b3c-59d43b4dd35b,4ea57681-2b3c-4c5e-bcfc-ce7f965bcf40,1,2025-07-25T22:35:08.275Z
5cd3fc9b-2fa2-4916-8116-83dc0a5ec772,4ea57681-2b3c-4c5e-bcfc-ce7f965bcf40,5,2025-02-17T11:20:29.346Z
7c74f49a-c094-47ca-b97a-f1952e16514c,4ea57681-2b3c-4c5e-bcfc-ce7f965bcf40,3,2025-06-01T19:36:32.101Z
3b46f04d-1d9b-4497-a8f0-60ad3679a1f6,4ea57681-2b3c-4c5e-bcfc-ce7f965bcf40,4,2025-05-21T18:07:47.102Z
9857e553-480d-46bd-a1cb-acf9fe5d4098,4ea57681-2b3c-4c5e-bcfc-ce7f965bcf40,4,2025-09-27T12:40:12.404Z
a4f347fd-ea5c-49da-9223-e90f1f7b0594,4ea57681-2b3c-4c5e-bcfc-ce7f965bcf40,5,2025-03-28T11:01:32.546Z
fd429afb-0205-4a08-b3f4-c5b298ad8cb1,4ea57681-2b3c-4c5e-bcfc-ce7f965bcf40,4,2025-03-10T10:00:59.828Z
ddc22ca9-3906-4661-bc43-f3ffdb973761,e7114baa-4d96-4fdb-a5ca-771bc4208cfd,4,2025-08-13T17:08:42.933Z
94f0d7a4-11b1-44fe-ae75-098f9fe9a952,e7114baa-4d96-4fdb-a5ca-771bc4208cfd,5,2024-12-27T20:37:24.309Z
84ba0791-12f3-4337-baa7-bd59dc673013,e7114baa-4d96-4fdb-a5ca-771bc4208cfd,3,2024-11-19T17:23:37.019Z
5f5dbcf2-c06f-473a-ad00-ba502becee3d,e7114baa-4d96-4fdb-a5ca-771bc4208cfd,5,2025-10-19T06:41:58.785Z
09c012a4-181a-40db-a206-21c753c02c6f,e7114baa-4d96-4fdb-a5ca-771bc4208cfd,5,2024-12-03T05:24:07.048Z
3584605e-5bfd-4759-8f8a-b94a986af3d4,e7114baa-4d96-4fdb-a5ca-771bc4208cfd,4,2025-10-07T20:17:44.015Z
c08502af-7d14-4067-9034-f1171a899460,c4e9cd71-28ef-45da-81e1-765b03e447a8,4,2025-07-01T22:44:32.822Z
66f5447a-fcaa-4626-8184-77cbaa92787f,c4e9cd71-28ef-45da-81e1-765b03e447a8,4,2025-08-04T07:38:19.738Z
65942204-4c86-437a-8b85-4f8a5e24e5f0,c4e9cd71-28ef-45da-81e1-765b03e447a8,5,2025-01-21T12:24:21.209Z
8aeebdbd-fc77-4210-8116-6c2d81e3c7dc,f87a23a0-72d0-4518-84f0-37b500fb4421,5,2025-09-02T18:16:29.328Z
c1a56c98-0926-4d9e-80c5-7f9a99a6a67d,f87a23a0-72d0-4518-84f0-37b500fb4421,4,2025-02-11T09:19:59.729Z
fc402c10-9d58-478b-98d2-50ee939efd03,f87a23a0-72d0-4518-84f0-37b500fb4421,5,2025-05-28T15:09:50.274Z
c14b3e66-c84c-497c-bd85-1f8475758d81,f87a23a0-72d0-4518-84f0-37b500fb4421,5,2025-02-11T13:37:02.916Z
07993db9-25c9-4b12-ace9-629e6bf0c184,f87a23a0-72d0-4518-84f0-37b500fb4421,4,2024-12-14T06:06:10.398Z
0fb3157f-ff6d-4f2e-9c97-4d0db549240f,f87a23a0-72d0-4518-84f0-37b500fb4421,5,2025-08-01T23:07:16.956Z
f4330b4e-df4e-41ca-912c-4bbcd64a9653,f87a23a0-72d0-4518-84f0-37b500fb4421,4,2025-01-30T18:08:16.984Z
d21b635d-d8d0-4ed1-a8fe-edbf38673963,f87a23a0-72d0-4518-84f0-37b500fb4421,4,2024-11-22T21:38:47.271Z
619c25b8-f56b-4e6f-aff3-861756d89ec8,f87a23a0-72d0-4518-84f0-37b500fb4421,5,2025-09-30T23:16:34.545Z
3fd83c78-256f-440f-a5a5-1dcc5a74d9cd,f87a23a0-72d0-4518-84f0-37b500fb4421,5,2025-01-25T18:49:56.564Z
36afb757-2df4-42e3-bab2-d0e90b294441,f87a23a0-72d0-4518-84f0-37b500fb4421,4,2025-01-28T09:38:17.848Z
c08502af-7d14-4067-9034-f1171a899460,1a7c4747-5e72-46aa-b8a0-6929a2138141,5,2024-12-10T22:57:36.541Z
131bde45-7a4f-4798-920f-d231b8def1b0,4a67481c-0b3d-49fe-ba8f-cac448641c6a,4,2025-03-04T23:55:24.678Z
6b85b5a2-ae1a-465d-8c9c-53d4bc820c98,4a67481c-0b3d-49fe-ba8f-cac448641c6a,5,2025-04-25T21:37:41.379Z
4d0eb32f-316a-4ec9-a89b-72633d5e7513,4a67481c-0b3d-49fe-ba8f-cac448641c6a,4,2025-07-11T03:48:51.685Z
67f62f68-81cb-46dd-b941-1c54014aa0cd,4a67481c-0b3d-49fe-ba8f-cac448641c6a,4,2024-12-24T13:39:06.906Z
9857e553-480d-46bd-a1cb-acf9fe5d4098,4a67481c-0b3d-49fe-ba8f-cac448641c6a,5,2025-10-22T15:23:20.104Z
1b210726-bd70-4eef-af83-5600ae4d1329,4a67481c-0b3d-49fe-ba8f-cac448641c6a,5,2025-10-27T12:46:46.164Z
cbf8886c-8a36-44d7-924f-9f8b99dcb8f6,4a67481c-0b3d-49fe-ba8f-cac448641c6a,5,2025-01-01T01:07:20.845Z
72b1458f-587a-405e-b93c-7d696f1f280c,e030d06c-f12b-4864-9caf-288787175c19,3,2025-06-30T19:45:01.653Z
b77d0ad9-c863-40da-8bad-8cd70cb0c1aa,e030d06c-f12b-4864-9caf-288787175c19,5,2025-09-22T00:11:35.316Z
b4237022-d1ac-4d29-8286-f6daf631646e,e030d06c-f12b-4864-9caf-288787175c19,5,2025-04-27T02:31:04.092Z
f744e115-7575-4de7-8ca2-f8f41e118adb,e030d06c-f12b-4864-9caf-288787175c19,2,2025-06-29T23:06:53.757Z
ec4972fc-ed7a-4528-8bd7-a7a832796f65,e030d06c-f12b-4864-9caf-288787175c19,3,2025-08-07T10:47:01.741Z
ae6bc9cd-0148-4c3e-b5b7-4c3b18a03bcf,e030d06c-f12b-4864-9caf-288787175c19,2,2025-02-17T06:34:11.817Z
34e17e2c-4f97-46a0-8d72-6b050d2f9cac,e030d06c-f12b-4864-9caf-288787175c19,5,2025-02-16T14:31:52.575Z
47766f0e-c350-49d8-ac56-a857ac93975a,e030d06c-f12b-4864-9caf-288787175c19,5,2024-11-25T23:15:14.115Z
0f03f857-9e84-420e-88a8-b32930342830,2f6e05b2-93ec-4278-b7dd-41980a51a61e,5,2025-08-12T03:06:27.677Z
29e73a97-0aaa-4980-9e85-9b0e035deec4,2f6e05b2-93ec-4278-b7dd-41980a51a61e,5,2025-06-30T14:32:34.828Z
2f1cd7c3-7653-4da7-80f9-f791fc1572a9,2f6e05b2-93ec-4278-b7dd-41980a51a61e,4,2025-01-28T04:14:07.520Z
34e17e2c-4f97-46a0-8d72-6b050d2f9cac,2f6e05b2-93ec-4278-b7dd-41980a51a61e,5,2025-08-01T03:47:51.569Z
dd09414c-c47e-4d72-89e4-20c9d31f0287,2f6e05b2-93ec-4278-b7dd-41980a51a61e,5,2025-09-10T22:27:53.198Z
70b36e3e-a559-40d8-89b8-3e50f03bf8bf,2f6e05b2-93ec-4278-b7dd-41980a51a61e,4,2024-11-17T23:35:46.920Z
0233ea97-f48e-42b5-bbbb-6d5bd7b4e2d6,2f6e05b2-93ec-4278-b7dd-41980a51a61e,5,2025-10-06T22:02:29.349Z
09590828-adf8-4885-a3f0-76ec67c3ba69,2f6e05b2-93ec-4278-b7dd-41980a51a61e,5,2025-04-05T23:43:42.063Z
24c970a9-cb51-4fbe-82ae-a691df53f6d1,2f6e05b2-93ec-4278-b7dd-41980a51a61e,5,2025-09-06T06:53:32.357Z
f3670d6e-8dff-45c4-9ebf-997142cd6759,2f6e05b2-93ec-4278-b7dd-41980a51a61e,3,2025-10-11T11:11:25.266Z
ff829392-ccb1-49a6-a46e-3bb209d5a296,2f6e05b2-93ec-4278-b7dd-41980a51a61e,5,2024-11-17T15:11:43.027Z
8b96ce2b-0aac-496b-8466-b2471924a593,2f6e05b2-93ec-4278-b7dd-41980a51a61e,5,2025-09-05T18:36:19.565Z
52aa9f0c-3ae3-4b3b-9f9e-b7a05e607b8f,c2f2a119-de91-4739-9690-62771077a745,3,2025-08-19T03:43:21.575Z
17a73841-4388-4093-8e25-32dd72a9686e,22a94842-d16b-48dc-809f-838e0f8c3390,5,2025-01-11T09:48:42.982Z
b76696e1-0e2b-415a-ac00-bd4584b132d2,22a94842-d16b-48dc-809f-838e0f8c3390,4,2025-08-04T22:13:52.291Z
6b487ef1-ffb5-4034-88a2-c1ad55ddc655,22a94842-d16b-48dc-809f-838e0f8c3390,5,2025-09-18T22:56:22.868Z
717d094d-efd8-443c-87f9-d53b461f9f72,22a94842-d16b-48dc-809f-838e0f8c3390,3,2025-02-18T02:02:48.948Z
7b30851d-c934-431a-8756-fe0e536197ee,22a94842-d16b-48dc-809f-838e0f8c3390,4,2024-11-18T01:04:06.222Z
f56c088c-b42a-44c5-bd2e-22fde1c88f4f,aa792c9b-85bd-4713-9788-5d6421ad2744,5,2025-02-21T08:17:00.216Z
bdef3660-fe95-4690-9b3c-59d43b4dd35b,aa792c9b-85bd-4713-9788-5d6421ad2744,5,2025-06-12T12:29:58.907Z
148d3c5a-bcf0-4f25-83e8-c1ee584968df,00ef528f-ffd6-461e-979d-1eb3d382ef29,2,2025-10-09T11:15:40.463Z
988b99c6-f9ac-4142-8e50-a9b351e7c57d,00ef528f-ffd6-461e-979d-1eb3d382ef29,5,2025-03-06T17:32:51.530Z
5bfadf6d-df1a-42a2-91ad-df3544b12e9a,00ef528f-ffd6-461e-979d-1eb3d382ef29,4,2025-04-19T07:21:49.911Z
34e17e2c-4f97-46a0-8d72-6b050d2f9cac,00ef528f-ffd6-461e-979d-1eb3d382ef29,1,2025-06-26T14:14:22.400Z
8926e6d1-c09d-4f96-92a7-415b5a887233,00ef528f-ffd6-461e-979d-1eb3d382ef29,5,2025-05-14T20:41:57.583Z
6643310e-d373-4304-b7ae-20bb87c94b7b,00ef528f-ffd6-461e-979d-1eb3d382ef29,5,2025-09-25T03:41:17.912Z
e1d84070-b932-49b8-8295-f5d8f93f07f8,00ef528f-ffd6-461e-979d-1eb3d382ef29,5,2024-12-23T09:00:48.267Z
9ac7f508-357c-4446-a425-db42d2fddb6f,00ef528f-ffd6-461e-979d-1eb3d382ef29,4,2025-05-07T12:27:22.225Z
5fa176b4-6f05-4ad9-a87c-1b734f99b923,00ef528f-ffd6-461e-979d-1eb3d382ef29,5,2025-02-12T00:16:23.751Z
46b0f9b3-3cc9-4486-ba84-bee6b4d84a79,55b6e4d2-9a50-4a04-b1fb-ec162e39a936,4,2025-08-26T18:31:02.028Z
9ab33abf-b3cd-45be-8ee3-1efe324372dc,55b6e4d2-9a50-4a04-b1fb-ec162e39a936,5,2025-03-05T03:20:46.743Z
edeb3261-0879-4ee0-a5f0-23b681e377c6,55b6e4d2-9a50-4a04-b1fb-ec162e39a936,5,2025-07-29T09:27:52.645Z
b77d0ad9-c863-40da-8bad-8cd70cb0c1aa,55b6e4d2-9a50-4a04-b1fb-ec162e39a936,5,2025-06-29T03:21:45.286Z
3e5f883f-2fff-4734-aadd-61e52f6b8133,55b6e4d2-9a50-4a04-b1fb-ec162e39a936,5,2025-07-24T19:42:28.849Z
6f8eb380-15f2-4228-91f6-e0ae7bb34c23,55b6e4d2-9a50-4a04-b1fb-ec162e39a936,5,2024-11-09T12:06:27.242Z
0a151aca-7284-4aaa-8538-846fef271318,55b6e4d2-9a50-4a04-b1fb-ec162e39a936,4,2025-03-07T11:41:36.045Z
41bc020c-3954-46ed-ba03-6d63db7a5c9f,55b6e4d2-9a50-4a04-b1fb-ec162e39a936,4,2025-02-20T02:45:38.612Z
25aad1bb-5ccf-450c-94e0-4c592609630d,55b6e4d2-9a50-4a04-b1fb-ec162e39a936,5,2025-07-08T16:17:14.729Z
d7e09ffe-3f5c-4aff-9fea-4a7d37543e8c,55b6e4d2-9a50-4a04-b1fb-ec162e39a936,5,2025-01-13T21:51:15.762Z
81275da9-82ab-4f99-9eab-03c9704b819d,83c5859b-eca4-429a-ad41-00f700b9c435,3,2025-06-15T12:07:45.853Z
14c1dfe0-835e-47d6-bb4c-201f94aceb4d,83c5859b-eca4-429a-ad41-00f700b9c435,4,2025-06-25T15:33:57.260Z
c8d92d05-a7d9-4fcc-b997-3da124ed7849,83c5859b-eca4-429a-ad41-00f700b9c435,5,2025-04-01T11:04:48.707Z
a85e289e-732b-4815-946a-99a7e614a447,83c5859b-eca4-429a-ad41-00f700b9c435,5,2025-04-09T13:47:34.556Z
96c249e5-182b-41c4-ba79-568e6b8a5348,83c5859b-eca4-429a-ad41-00f700b9c435,5,2025-03-04T03:10:30.997Z
3504dab8-9f9a-44a2-ba4c-262d81e195ac,83c5859b-eca4-429a-ad41-00f700b9c435,3,2025-03-30T18:15:24.943Z
ebbf2a30-0260-4ac5-94ce-f658a2c918d7,83c5859b-eca4-429a-ad41-00f700b9c435,5,2024-12-09T04:46:18.601Z
7b30851d-c934-431a-8756-fe0e536197ee,f1482c80-abd4-4523-b6ae-edc71c8047cb,5,2025-10-28T21:51:56.452Z
e0cbed52-696e-4a33-90f9-bf2033798cf5,f1482c80-abd4-4523-b6ae-edc71c8047cb,3,2025-04-27T17:53:48.938Z
03cae89b-8299-4026-9539-dfafec31f3e2,f1482c80-abd4-4523-b6ae-edc71c8047cb,3,2025-10-12T03:52:10.679Z
02f7d20f-bc48-452d-8129-9706b3c3f9dc,f1482c80-abd4-4523-b6ae-edc71c8047cb,4,2024-11-06T20:31:12.310Z
6643310e-d373-4304-b7ae-20bb87c94b7b,a7f331e5-7fb0-46b0-8f2a-5a29f74a7973,4,2025-03-24T10:58:11.782Z
7be03c36-79c8-435a-8f06-e74ea1b59000,a7f331e5-7fb0-46b0-8f2a-5a29f74a7973,5,2025-04-16T12:37:30.923Z
70b9706b-49c7-4d11-8ce8-b0af0800e05d,a7f331e5-7fb0-46b0-8f2a-5a29f74a7973,5,2025-02-09T21:03:25.489Z
a24707ec-dcc4-4d95-841e-25df5e477035,a7f331e5-7fb0-46b0-8f2a-5a29f74a7973,4,2025-03-04T18:03:54.675Z
cd2f59bf-8496-48e3-a487-1162c7da657d,eb9dc77b-ae77-4964-9d83-140131519965,2,2025-06-05T02:21:36.167Z
3584605e-5bfd-4759-8f8a-b94a986af3d4,eb9dc77b-ae77-4964-9d83-140131519965,4,2025-06-01T14:21:15.217Z
ef89f62a-3610-4314-86d3-092028466728,eb9dc77b-ae77-4964-9d83-140131519965,5,2025-02-07T21:21:39.730Z
fe889062-cb48-423e-8950-7f89f11f9466,eb9dc77b-ae77-4964-9d83-140131519965,2,2025-03-15T16:23:46.400Z
b2f64758-46dd-4976-8099-3d51ed6c82fc,eb9dc77b-ae77-4964-9d83-140131519965,4,2025-01-29T16:01:14.051Z
9797e2f2-d8ff-4432-86f3-891e8f0a5aed,eb9dc77b-ae77-4964-9d83-140131519965,5,2025-07-06T06:18:06.129Z
768129ac-fcb3-4cb7-adf0-e02d2d39c4e1,eb9dc77b-ae77-4964-9d83-140131519965,2,2025-04-23T08:11:22.864Z
5122f6d3-ec10-4cc7-8705-dbc1d5ce6d1d,eb9dc77b-ae77-4964-9d83-140131519965,5,2025-01-01T16:41:17.688Z
d3dce7a1-c0a4-484e-ae49-9b3759422d4f,eb9dc77b-ae77-4964-9d83-140131519965,5,2025-07-12T22:36:20.099Z
01cb3efc-93e4-4d53-b543-d929bbb84f3e,eb9dc77b-ae77-4964-9d83-140131519965,4,2025-10-07T12:22:28.782Z
426f9ef8-0e4d-462b-91a5-19ce9fac31eb,eb9dc77b-ae77-4964-9d83-140131519965,3,2025-09-24T14:54:10.842Z
9ab33abf-b3cd-45be-8ee3-1efe324372dc,eb9dc77b-ae77-4964-9d83-140131519965,4,2025-08-12T12:53:26.696Z
6b487ef1-ffb5-4034-88a2-c1ad55ddc655,23273c30-bb80-4f4b-83d4-690d395c1fce,4,2025-07-14T11:34:07.203Z
1e36de4b-9fcd-4673-90f5-4a603da00cc9,23273c30-bb80-4f4b-83d4-690d395c1fce,5,2025-06-25T15:26:20.669Z
0fb3157f-ff6d-4f2e-9c97-4d0db549240f,23273c30-bb80-4f4b-83d4-690d395c1fce,5,2025-10-13T22:02:06.050Z
e4468f91-c666-4eeb-aba8-348a5c805f2a,23273c30-bb80-4f4b-83d4-690d395c1fce,4,2025-03-18T14:27:01.918Z
17a73841-4388-4093-8e25-32dd72a9686e,23273c30-bb80-4f4b-83d4-690d395c1fce,5,2025-01-24T00:33:37.161Z
68023e17-cc70-422e-9040-6abee71e8385,b7c9b247-fda0-46f7-8d42-57bd220af0f1,4,2025-10-20T00:38:29.718Z
7dc91a1c-225f-4550-883d-43748b1509cc,b7c9b247-fda0-46f7-8d42-57bd220af0f1,4,2025-04-28T00:16:35.969Z
b5d18623-5770-4932-aacc-1c2a6a8618b6,b7c9b247-fda0-46f7-8d42-57bd220af0f1,5,2025-04-19T12:52:57.862Z
e27f23c8-b50d-4e13-ad48-d536ae8ec1b2,6bf21c7c-b1d1-43a6-92bd-6b5e25667308,5,2025-10-31T12:33:54.510Z
4c548f22-7092-45c9-8b3c-310c77474442,6bf21c7c-b1d1-43a6-92bd-6b5e25667308,5,2025-03-20T19:45:16.501Z
c3279ded-fecf-4339-81a3-e37f77030fe5,6bf21c7c-b1d1-43a6-92bd-6b5e25667308,4,2025-07-18T17:41:34.205Z
cbf8886c-8a36-44d7-924f-9f8b99dcb8f6,50d9c22a-cbcb-46ab-aeb7-74a5f1e10bef,4,2025-10-03T18:00:26.425Z
5ef3356b-74b3-4560-9aae-2ca9352e9314,50d9c22a-cbcb-46ab-aeb7-74a5f1e10bef,4,2025-08-07T23:24:06.523Z
539213ca-747f-44f6-8752-b23487e56456,50d9c22a-cbcb-46ab-aeb7-74a5f1e10bef,5,2025-08-24T06:44:40.228Z
7c74f49a-c094-47ca-b97a-f1952e16514c,50d9c22a-cbcb-46ab-aeb7-74a5f1e10bef,5,2025-09-01T21:41:27.976Z
79bb315c-58d7-45f1-aa3c-c6bed7a2f0b1,a4ddff95-cbff-4740-ae79-b8574899bffe,5,2025-08-09T14:55:38.896Z
220fd0f1-3760-4d7c-9e16-cf2c3f3a0ebc,a4ddff95-cbff-4740-ae79-b8574899bffe,5,2025-07-10T20:21:46.356Z
da1e0f66-ff00-46d1-ad10-60cde646dc9f,a4ddff95-cbff-4740-ae79-b8574899bffe,4,2025-06-09T23:24:55.793Z
3adfd5e7-e774-42a6-8ea6-5be40ac0cf66,a4ddff95-cbff-4740-ae79-b8574899bffe,3,2025-08-18T22:33:04.992Z
110a26de-5d27-4b8d-8e81-996634bc1ec7,a4ddff95-cbff-4740-ae79-b8574899bffe,3,2025-05-15T07:06:50.816Z
bcf73dcf-9742-49de-bf7c-260da16c340f,4ee809d9-b738-4335-bc8a-760fc6839af9,5,2025-05-16T06:29:15.838Z
98c241e6-4cc6-4ad8-9937-bc8a79b1f63b,4ee809d9-b738-4335-bc8a-760fc6839af9,3,2025-03-16T11:58:05.584Z
e0cbed52-696e-4a33-90f9-bf2033798cf5,4ee809d9-b738-4335-bc8a-760fc6839af9,5,2025-10-05T08:59:45.059Z
a6f22c51-1cf2-45cd-bb0d-da32feb817b3,4ee809d9-b738-4335-bc8a-760fc6839af9,4,2024-12-15T08:14:39.211Z
6f8eb380-15f2-4228-91f6-e0ae7bb34c23,4ee809d9-b738-4335-bc8a-760fc6839af9,1,2025-09-03T01:29:00.024Z
fecaab00-4e83-45b5-9c3c-9a4a186f56d8,4ee809d9-b738-4335-bc8a-760fc6839af9,3,2025-09-30T03:08:59.310Z
748c56fa-cbf2-4cdd-85a6-93e6ad8c01ed,5a1ca16f-e784-4891-900a-00c3fe383d1b,5,2025-01-17T04:42:24.104Z
03d7e677-e9c2-43f1-88bf-f7c3a70eee6c,5a1ca16f-e784-4891-900a-00c3fe383d1b,5,2025-05-19T08:52:58.935Z
5f2be55b-0956-4cbe-908a-0adfa12dec64,5a1ca16f-e784-4891-900a-00c3fe383d1b,5,2025-01-03T10:56:31.612Z
dc6de6ed-550f-453c-a5f4-95e05ce1dcf5,5a1ca16f-e784-4891-900a-00c3fe383d1b,5,2025-09-12T10:52:05.351Z
2c4467ac-1a14-467b-a2d1-75be57f37a37,5a1ca16f-e784-4891-900a-00c3fe383d1b,5,2025-04-14T17:43:01.674Z
fbd8d6af-01d1-4113-a230-fe7036e84fb3,5a1ca16f-e784-4891-900a-00c3fe383d1b,4,2025-07-10T19:57:13.225Z
86c2c337-31f2-4621-84cf-55fabccb17df,5a1ca16f-e784-4891-900a-00c3fe383d1b,4,2025-07-24T04:58:46.992Z
b4435775-30ea-421c-a724-53b2968ae09c,119a651b-bdd1-404b-9a29-fcfd6feb726e,3,2025-05-01T21:35:51.098Z
1eaf0ffb-6cee-42d5-8729-74d5329d5362,3a4348ea-6363-4b28-8d70-8576b6b1efdb,4,2025-09-28T16:05:49.965Z
988e7ca5-483c-4695-9e6c-e937512c0007,3a4348ea-6363-4b28-8d70-8576b6b1efdb,3,2025-04-16T01:38:35.709Z
9441ba91-3433-411c-a34b-92914949066a,45b5b03c-ce92-4885-9d90-2af751356cc4,2,2024-11-24T16:20:20.436Z
717d094d-efd8-443c-87f9-d53b461f9f72,45b5b03c-ce92-4885-9d90-2af751356cc4,5,2024-12-22T13:14:28.698Z
73498cbc-948f-4ba2-9202-38f83e04c095,45b5b03c-ce92-4885-9d90-2af751356cc4,3,2025-04-05T02:09:39.604Z
612443a2-8353-4d26-9911-b37fad90b154,bc9a061d-f1e2-4ccc-a39b-9aedf110dad9,3,2025-05-29T07:45:32.395Z
edeb3261-0879-4ee0-a5f0-23b681e377c6,b17f3355-2df9-476b-8f3b-1232a00e547f,4,2025-05-27T10:55:51.686Z
55e23258-1dd8-4ad1-9601-d2420f892039,b17f3355-2df9-476b-8f3b-1232a00e547f,4,2025-07-08T01:58:09.084Z
9aef9db4-9317-4081-b7f6-52747feab998,b17f3355-2df9-476b-8f3b-1232a00e547f,4,2025-02-24T21:59:21.575Z
0f03f857-9e84-420e-88a8-b32930342830,b17f3355-2df9-476b-8f3b-1232a00e547f,4,2024-11-12T07:29:00.592Z
0508e75d-321d-45b8-b428-436605412434,b17f3355-2df9-476b-8f3b-1232a00e547f,4,2025-02-05T07:09:35.285Z
ebbf2a30-0260-4ac5-94ce-f658a2c918d7,b17f3355-2df9-476b-8f3b-1232a00e547f,4,2024-11-05T11:04:54.440Z
4e2a8e1d-5c4e-4cc9-833e-71262d25c855,b17f3355-2df9-476b-8f3b-1232a00e547f,5,2025-01-22T22:43:10.071Z
539213ca-747f-44f6-8752-b23487e56456,b17f3355-2df9-476b-8f3b-1232a00e547f,4,2024-12-01T00:48:29.469Z
fbd8d6af-01d1-4113-a230-fe7036e84fb3,6c1a0d32-f1ea-4b32-8d59-97c85ad0fc15,5,2025-04-08T02:40:42.515Z
be2af84e-3c6b-40c0-85c4-786679ee7015,6c1a0d32-f1ea-4b32-8d59-97c85ad0fc15,5,2025-07-18T04:03:16.696Z
3e5f883f-2fff-4734-aadd-61e52f6b8133,6c1a0d32-f1ea-4b32-8d59-97c85ad0fc15,5,2025-05-21T00:21:29.831Z
02f7d20f-bc48-452d-8129-9706b3c3f9dc,fdf578cd-33ab-47a1-b3ec-186f27617c2e,4,2024-11-26T08:50:07.049Z
3f3db2b4-4194-421f-a340-bb501c7be9f2,fdf578cd-33ab-47a1-b3ec-186f27617c2e,4,2025-09-26T23:09:11.405Z
e83999f5-50f7-43c2-be11-c4f6f134c689,fdf578cd-33ab-47a1-b3ec-186f27617c2e,2,2025-10-30T12:53:28.797Z
f744e115-7575-4de7-8ca2-f8f41e118adb,fdf578cd-33ab-47a1-b3ec-186f27617c2e,4,2025-04-25T18:42:42.258Z
5b559624-7ed9-4d8c-a47a-281b64d3b71d,eda3ef3a-d35f-4242-a78f-3c6656cce450,4,2025-02-17T05:13:01.645Z
fbd8d6af-01d1-4113-a230-fe7036e84fb3,eda3ef3a-d35f-4242-a78f-3c6656cce450,5,2025-01-09T02:19:19.215Z
7e7eb3cf-ae65-4ddd-8eec-b12eb06d18c5,eda3ef3a-d35f-4242-a78f-3c6656cce450,4,2024-12-23T19:47:08.986Z
db83a936-bdb0-46d5-b130-a05ecd99063d,eda3ef3a-d35f-4242-a78f-3c6656cce450,4,2025-06-26T16:06:11.067Z
5f2be55b-0956-4cbe-908a-0adfa12dec64,eda3ef3a-d35f-4242-a78f-3c6656cce450,5,2025-07-28T17:25:32.195Z
768129ac-fcb3-4cb7-adf0-e02d2d39c4e1,eda3ef3a-d35f-4242-a78f-3c6656cce450,3,2025-10-22T08:56:08.026Z
d983d8ad-4a6a-41e1-b13f-7c258bbc9938,eda3ef3a-d35f-4242-a78f-3c6656cce450,5,2025-03-21T03:05:00.414Z
b446ecf8-81c1-4ed9-adfc-1b8bb747d265,eda3ef3a-d35f-4242-a78f-3c6656cce450,4,2025-09-25T21:51:55.267Z
5e9a162f-d632-468b-8588-61c3710414a1,eda3ef3a-d35f-4242-a78f-3c6656cce450,4,2025-04-17T04:25:03.881Z
661e07a4-e892-4247-9c21-0a1dfb828e92,eda3ef3a-d35f-4242-a78f-3c6656cce450,5,2025-10-05T07:51:34.356Z
ae5e72dd-e66d-4c27-8c98-028cd247bc07,eda3ef3a-d35f-4242-a78f-3c6656cce450,5,2025-03-22T05:41:28.646Z
b6612f11-50eb-466f-b50a-43d7cdadb43f,eda3ef3a-d35f-4242-a78f-3c6656cce450,4,2024-12-03T16:06:03.831Z
47766f0e-c350-49d8-ac56-a857ac93975a,eda3ef3a-d35f-4242-a78f-3c6656cce450,4,2025-10-22T12:06:25.551Z
14a12007-acf2-46ae-baae-858ef1be051a,1f8a537c-a6d7-4b4a-b206-235f2087961d,5,2025-09-19T18:46:36.913Z
0ab79ccf-bc70-4403-a8f2-0f56c4d10af1,1f8a537c-a6d7-4b4a-b206-235f2087961d,5,2024-12-22T22:24:20.209Z
03cae89b-8299-4026-9539-dfafec31f3e2,1f8a537c-a6d7-4b4a-b206-235f2087961d,5,2025-09-14T13:42:52.524Z
211d211c-1637-4f84-9545-3b8b7368d63a,1f8a537c-a6d7-4b4a-b206-235f2087961d,5,2024-12-17T16:33:31.540Z
09c012a4-181a-40db-a206-21c753c02c6f,1f8a537c-a6d7-4b4a-b206-235f2087961d,5,2025-11-01T23:42:19.601Z
edf08249-9d63-4a6d-9ee3-f502ba7178df,1f8a537c-a6d7-4b4a-b206-235f2087961d,5,2025-03-27T22:06:23.475Z
03dd266c-d273-4f88-9514-7085b16b5377,1f8a537c-a6d7-4b4a-b206-235f2087961d,4,2024-12-20T20:56:34.415Z
437cf0e3-0992-4673-b7a8-7126cf56f9c1,1f8a537c-a6d7-4b4a-b206-235f2087961d,4,2025-10-27T19:54:42.782Z
dc6de6ed-550f-453c-a5f4-95e05ce1dcf5,fdeae504-7b3c-4140-949b-76f960d972f3,4,2025-09-05T06:29:41.206Z
bb6e44ad-2fde-47c3-b4e5-31b0592bfd85,fdeae504-7b3c-4140-949b-76f960d972f3,4,2025-08-07T13:08:10.163Z
b10acb61-149b-432a-8123-46b8b832cf6f,fdeae504-7b3c-4140-949b-76f960d972f3,4,2025-10-27T17:51:48.151Z
0a151aca-7284-4aaa-8538-846fef271318,fdeae504-7b3c-4140-949b-76f960d972f3,5,2025-04-22T11:13:47.876Z
3754bbbd-ae73-46e4-98f4-4066d2201cd5,fdeae504-7b3c-4140-949b-76f960d972f3,3,2025-07-25T00:03:14.728Z
02f7d20f-bc48-452d-8129-9706b3c3f9dc,fdeae504-7b3c-4140-949b-76f960d972f3,5,2025-04-08T06:27:12.264Z
ade36c23-1823-40ad-94fd-b69be6a6b6b0,fdeae504-7b3c-4140-949b-76f960d972f3,3,2025-03-22T21:17:43.372Z
3855f039-d330-427c-9c69-d1b32ec2b5e6,fdeae504-7b3c-4140-949b-76f960d972f3,4,2025-01-27T05:49:44.324Z
a6f22c51-1cf2-45cd-bb0d-da32feb817b3,d6f6d064-01bb-48e1-be4f-3aeb414f608d,4,2025-04-21T14:22:46.310Z
5d8e65a6-cf5e-495b-a0bc-80c0abac25d7,d6f6d064-01bb-48e1-be4f-3aeb414f608d,4,2024-12-31T00:24:20.222Z
b9ff9efc-013f-4e3d-857b-bc48c3a14af7,d6f6d064-01bb-48e1-be4f-3aeb414f608d,3,2025-01-12T04:49:23.840Z
db83a936-bdb0-46d5-b130-a05ecd99063d,d6f6d064-01bb-48e1-be4f-3aeb414f608d,5,2025-09-20T00:30:49.311Z
5407830e-a931-4c47-bac8-a5cfc6726bbc,d6f6d064-01bb-48e1-be4f-3aeb414f608d,5,2025-08-10T22:44:59.608Z
a4f347fd-ea5c-49da-9223-e90f1f7b0594,d6f6d064-01bb-48e1-be4f-3aeb414f608d,5,2024-11-16T03:03:29.301Z
55e23258-1dd8-4ad1-9601-d2420f892039,d6f6d064-01bb-48e1-be4f-3aeb414f608d,4,2025-07-03T11:47:00.078Z
ab8f646b-a863-4ce4-a42d-129c1a720b70,d6f6d064-01bb-48e1-be4f-3aeb414f608d,4,2025-06-16T22:55:05.310Z
0bc402f2-23bb-4577-b08b-088ae060a815,d6f6d064-01bb-48e1-be4f-3aeb414f608d,3,2025-10-12T07:29:09.202Z
8e0fb11f-095c-4d7e-a88c-800cd2f009ef,1ff37ab2-07b5-4e18-b866-f942b720dd1c,5,2025-09-25T01:46:18.921Z
e0cbed52-696e-4a33-90f9-bf2033798cf5,1ff37ab2-07b5-4e18-b866-f942b720dd1c,4,2025-01-31T06:16:18.708Z
0a151aca-7284-4aaa-8538-846fef271318,1ff37ab2-07b5-4e18-b866-f942b720dd1c,5,2024-11-28T22:30:17.257Z
72b1458f-587a-405e-b93c-7d696f1f280c,1ff37ab2-07b5-4e18-b866-f942b720dd1c,4,2025-06-09T07:01:14.660Z
c4b5898b-be02-4a6a-87e9-968c2ac583a9,1ff37ab2-07b5-4e18-b866-f942b720dd1c,4,2025-04-16T10:02:38.867Z
02f73d51-3542-42bc-b3e5-e005f2b9efd8,43a72cd1-96c1-416f-a303-5d0eb55120fb,5,2025-07-07T19:26:48.494Z
67f62f68-81cb-46dd-b941-1c54014aa0cd,43a72cd1-96c1-416f-a303-5d0eb55120fb,5,2025-09-18T22:15:13.004Z
ea6ec6a1-c1a9-450c-9e94-f70f2637205f,7801c448-0ed4-4ec3-8c21-345382948940,5,2025-02-01T17:55:47.000Z
20b2e5e2-6f86-41ab-9267-f6a9b3694d00,7801c448-0ed4-4ec3-8c21-345382948940,5,2024-11-20T12:25:02.811Z
5d8d7849-6975-4089-9da9-8243e2d4f070,7801c448-0ed4-4ec3-8c21-345382948940,5,2025-04-13T16:29:29.555Z
b1bb9081-df59-4524-9d65-b5b1f7d526ac,7801c448-0ed4-4ec3-8c21-345382948940,4,2025-05-20T12:03:13.793Z
e0e291a6-5e82-4810-9075-58c0bf695b89,7801c448-0ed4-4ec3-8c21-345382948940,5,2025-08-06T21:24:46.653Z
9797e2f2-d8ff-4432-86f3-891e8f0a5aed,08b2ae67-99e0-43fa-96f2-db6f5db474df,4,2025-08-14T19:26:10.821Z
edf08249-9d63-4a6d-9ee3-f502ba7178df,08b2ae67-99e0-43fa-96f2-db6f5db474df,3,2024-12-25T13:02:37.348Z
f060269d-967e-4b50-bff5-3e2adb09eec6,08b2ae67-99e0-43fa-96f2-db6f5db474df,5,2025-11-02T05:17:10.675Z
aaeb6a72-5290-4b88-9fce-87711cecc911,08b2ae67-99e0-43fa-96f2-db6f5db474df,5,2025-01-28T21:15:09.177Z
3ff21cdf-68c1-4a8f-8453-082f0a8bfc59,08b2ae67-99e0-43fa-96f2-db6f5db474df,4,2025-10-05T01:33:55.245Z
71879d4b-aa06-4461-aab8-3eaee5d5e911,08b2ae67-99e0-43fa-96f2-db6f5db474df,5,2025-06-02T18:41:37.766Z
dac59a3e-5c97-427e-860a-5fcb695e0f7c,08b2ae67-99e0-43fa-96f2-db6f5db474df,4,2025-06-03T06:39:16.272Z
a6a69aaf-ac7c-46ff-a522-61a4f21058be,08b2ae67-99e0-43fa-96f2-db6f5db474df,5,2025-08-13T12:32:00.421Z
d3dce7a1-c0a4-484e-ae49-9b3759422d4f,08b2ae67-99e0-43fa-96f2-db6f5db474df,1,2025-08-30T06:23:36.155Z
7b7182ef-c6a8-49e7-af9e-22e853263478,15222783-f734-49db-9109-dd558ff1e13e,4,2025-01-29T21:17:34.082Z
7906df1b-8940-467f-b912-8e92d8cfc95f,15222783-f734-49db-9109-dd558ff1e13e,5,2025-09-20T09:43:08.540Z
e9c3ed20-b148-49c8-b8c1-242aa4c67429,15222783-f734-49db-9109-dd558ff1e13e,4,2025-10-30T09:01:10.586Z
b10acb61-149b-432a-8123-46b8b832cf6f,15222783-f734-49db-9109-dd558ff1e13e,5,2025-05-13T17:48:37.909Z
2c4467ac-1a14-467b-a2d1-75be57f37a37,15222783-f734-49db-9109-dd558ff1e13e,5,2025-04-04T09:49:06.254Z
124af86e-13eb-4d53-8b55-ace6e470468d,15222783-f734-49db-9109-dd558ff1e13e,5,2025-02-12T20:34:55.628Z
f9357b59-a7ba-4019-a4cb-c07c8f946e79,15222783-f734-49db-9109-dd558ff1e13e,5,2025-05-26T16:42:22.679Z
0afb22eb-e710-44a7-9c1a-d9466a869c4d,9cb03d65-af57-4c16-9a7c-c77fa12bc31e,5,2025-06-08T11:03:39.176Z
51f6739a-3588-4db4-a630-6582df620282,9cb03d65-af57-4c16-9a7c-c77fa12bc31e,5,2025-07-30T21:20:30.437Z
41321fc8-5a68-4980-a2d2-3dbfbea37f8b,9cb03d65-af57-4c16-9a7c-c77fa12bc31e,5,2025-01-07T07:49:27.786Z
558968ce-9f13-492e-9437-e5595830bc68,d0de539b-a018-4fa3-8053-f8a0116735aa,5,2025-07-10T06:24:34.450Z
3b46f04d-1d9b-4497-a8f0-60ad3679a1f6,d0de539b-a018-4fa3-8053-f8a0116735aa,5,2025-05-26T09:06:08.721Z
05d207c9-412a-4f38-93e5-1574fb7991c2,d0de539b-a018-4fa3-8053-f8a0116735aa,3,2024-11-21T11:37:25.070Z
22526934-c0c9-4156-b0b0-6558d57d0332,61ed238d-53fd-4923-a1d9-6fffe5f1ec68,3,2025-03-10T03:42:23.857Z
73498cbc-948f-4ba2-9202-38f83e04c095,61ed238d-53fd-4923-a1d9-6fffe5f1ec68,5,2025-06-27T07:48:11.237Z
f61bd79f-403e-4075-9d9c-8e3313763198,61ed238d-53fd-4923-a1d9-6fffe5f1ec68,5,2025-03-23T13:45:32.111Z
e61d9ca3-f8fb-4fbf-a748-fd0fb50ed251,61ed238d-53fd-4923-a1d9-6fffe5f1ec68,4,2025-05-14T21:57:58.322Z
5ef3356b-74b3-4560-9aae-2ca9352e9314,61ed238d-53fd-4923-a1d9-6fffe5f1ec68,3,2025-07-16T16:19:16.584Z
f530ba4d-1647-4731-bf50-8c4d891e07bd,61ed238d-53fd-4923-a1d9-6fffe5f1ec68,5,2025-04-02T11:21:03.062Z
30be87db-2eb0-4638-920f-56454caa2298,61ed238d-53fd-4923-a1d9-6fffe5f1ec68,5,2025-02-21T21:23:58.048Z
09590828-adf8-4885-a3f0-76ec67c3ba69,bce91e95-e356-4a55-beed-102efaa374a0,5,2025-01-10T12:29:16.388Z
0158ce83-f3f9-4aaa-8054-915b6ed9e887,bce91e95-e356-4a55-beed-102efaa374a0,5,2025-05-19T19:59:56.226Z
5487df3e-6da4-46f0-936d-e0ddb93a84c1,bce91e95-e356-4a55-beed-102efaa374a0,5,2025-01-31T08:55:05.525Z
0fb3157f-ff6d-4f2e-9c97-4d0db549240f,bce91e95-e356-4a55-beed-102efaa374a0,4,2025-01-25T15:57:54.422Z
e27f23c8-b50d-4e13-ad48-d536ae8ec1b2,bce91e95-e356-4a55-beed-102efaa374a0,2,2025-09-13T13:38:58.474Z
dedbc624-6f7c-47d1-8b78-0826c5fa4c67,bce91e95-e356-4a55-beed-102efaa374a0,4,2024-12-27T02:00:06.039Z
22ad9ff2-4543-4784-bf81-12fa428fd7e1,bce91e95-e356-4a55-beed-102efaa374a0,3,2025-04-22T11:24:58.719Z
abab0fa4-6cb1-4b81-9b96-e685903a5b08,bce91e95-e356-4a55-beed-102efaa374a0,5,2024-11-25T09:45:59.287Z
da4e837b-ccd4-4942-976d-2213976435c9,cd3cce8a-637a-4540-a939-06dd9ecf43f6,3,2025-04-04T02:04:50.572Z
3c0ffc58-d03d-45e0-9546-e375e5fb2563,bdc0da8a-5f48-49a1-9a91-bfb9bb2f0031,4,2025-04-05T11:39:24.790Z
3adfd5e7-e774-42a6-8ea6-5be40ac0cf66,bdc0da8a-5f48-49a1-9a91-bfb9bb2f0031,5,2025-05-16T22:25:47.756Z
a4d68955-1ac2-4bd6-9e59-9289e89b8949,bdc0da8a-5f48-49a1-9a91-bfb9bb2f0031,4,2025-03-26T05:26:13.380Z
426f9ef8-0e4d-462b-91a5-19ce9fac31eb,c8262dfe-a0a2-4457-a367-0b77c7b4b1a7,4,2025-02-05T11:52:46.269Z
034fd4c6-d48e-41dd-ab1a-731e749816f8,c8262dfe-a0a2-4457-a367-0b77c7b4b1a7,5,2025-03-04T23:39:18.100Z
d709dc07-ca7b-48a2-8a90-f6c845bfafa6,c8262dfe-a0a2-4457-a367-0b77c7b4b1a7,5,2024-12-03T05:45:40.792Z
a4f16f09-bfc1-4950-a1d6-729d024a1ec2,c8262dfe-a0a2-4457-a367-0b77c7b4b1a7,3,2025-04-17T15:22:20.118Z
6b85b5a2-ae1a-465d-8c9c-53d4bc820c98,c8262dfe-a0a2-4457-a367-0b77c7b4b1a7,5,2025-03-19T21:25:30.498Z
8cc95be4-7cce-4722-b099-d368ba6cb42e,c8262dfe-a0a2-4457-a367-0b77c7b4b1a7,5,2025-05-18T23:54:05.212Z
4c548f22-7092-45c9-8b3c-310c77474442,c8262dfe-a0a2-4457-a367-0b77c7b4b1a7,4,2025-09-03T07:01:31.179Z
cf9bd809-129f-4dbf-b98f-bce6c4380ac0,4a626541-39ca-4407-802e-08a82fa27f5f,4,2024-11-23T04:24:23.799Z
3754bbbd-ae73-46e4-98f4-4066d2201cd5,4a626541-39ca-4407-802e-08a82fa27f5f,4,2025-03-22T02:48:46.213Z
48c5fc14-06e6-4689-b3f7-b18474ee8bbe,4a626541-39ca-4407-802e-08a82fa27f5f,2,2025-06-13T07:39:57.107Z
84ba0791-12f3-4337-baa7-bd59dc673013,4a626541-39ca-4407-802e-08a82fa27f5f,5,2024-11-18T19:18:47.727Z
86f9a2c4-6cbf-4a77-a229-f014428ea8db,4a626541-39ca-4407-802e-08a82fa27f5f,5,2024-11-30T22:39:31.835Z
30be87db-2eb0-4638-920f-56454caa2298,4e9b807a-c959-4540-a3bd-1c78dade7a2b,5,2025-08-25T06:01:23.119Z
3504dab8-9f9a-44a2-ba4c-262d81e195ac,4e9b807a-c959-4540-a3bd-1c78dade7a2b,5,2025-06-06T23:15:59.346Z
6643310e-d373-4304-b7ae-20bb87c94b7b,4e9b807a-c959-4540-a3bd-1c78dade7a2b,4,2025-07-07T14:25:22.867Z
437cf0e3-0992-4673-b7a8-7126cf56f9c1,4e9b807a-c959-4540-a3bd-1c78dade7a2b,5,2025-01-22T14:57:49.082Z
6b85b5a2-ae1a-465d-8c9c-53d4bc820c98,4e9b807a-c959-4540-a3bd-1c78dade7a2b,3,2025-01-19T15:43:13.820Z
612443a2-8353-4d26-9911-b37fad90b154,4e9b807a-c959-4540-a3bd-1c78dade7a2b,5,2025-10-01T15:28:51.481Z
d3dce7a1-c0a4-484e-ae49-9b3759422d4f,4e9b807a-c959-4540-a3bd-1c78dade7a2b,3,2025-02-23T02:19:20.483Z
d0febdea-21b5-4784-8b41-8ce90fd02c01,2a8018d2-34b8-4b44-968e-a9fc035ae052,4,2025-10-02T08:40:24.754Z
a085f29b-89f3-401d-82eb-2b3527dcf455,e34239e7-c820-48a6-b1f7-4a2934c6fc39,5,2025-01-20T17:18:17.945Z
3584605e-5bfd-4759-8f8a-b94a986af3d4,e0b573b5-bf2b-4232-bcc0-8b63a46877e5,5,2025-01-12T18:21:03.659Z
46b0f9b3-3cc9-4486-ba84-bee6b4d84a79,e0b573b5-bf2b-4232-bcc0-8b63a46877e5,5,2025-08-02T04:14:33.232Z
b4435775-30ea-421c-a724-53b2968ae09c,e0b573b5-bf2b-4232-bcc0-8b63a46877e5,4,2025-08-04T03:36:46.604Z
131bde45-7a4f-4798-920f-d231b8def1b0,e0b573b5-bf2b-4232-bcc0-8b63a46877e5,1,2025-08-06T20:55:52.111Z
550f5e7f-8d16-4dc4-b84a-38e2b8f31808,e0b573b5-bf2b-4232-bcc0-8b63a46877e5,1,2025-10-04T08:25:18.589Z
3754bbbd-ae73-46e4-98f4-4066d2201cd5,e0b573b5-bf2b-4232-bcc0-8b63a46877e5,3,2025-07-16T10:20:31.052Z
9bf81812-b92c-49fa-9993-9e176017be94,e0b573b5-bf2b-4232-bcc0-8b63a46877e5,5,2025-07-19T09:42:55.368Z
ef89f62a-3610-4314-86d3-092028466728,e0b573b5-bf2b-4232-bcc0-8b63a46877e5,4,2025-03-29T05:25:49.199Z
2602e310-9951-44ea-8261-b8443f1af866,e0b573b5-bf2b-4232-bcc0-8b63a46877e5,5,2025-01-30T18:33:59.888Z
4e0af0f4-c8f1-4966-9b35-4ff196d296ed,37e22549-6ab4-4578-8372-5eeb86205f36,4,2025-03-01T19:50:55.927Z
45996de6-130a-4bff-b4f5-dc87f783cb08,37e22549-6ab4-4578-8372-5eeb86205f36,4,2025-02-15T17:52:40.368Z
5d7f6048-2719-47bd-9654-e63d2fe1b11d,37e22549-6ab4-4578-8372-5eeb86205f36,5,2025-04-23T15:41:18.702Z
5c6f2fe5-88f6-48aa-8d40-a515ac899917,37e22549-6ab4-4578-8372-5eeb86205f36,4,2025-06-29T07:11:04.063Z
437cf0e3-0992-4673-b7a8-7126cf56f9c1,37e22549-6ab4-4578-8372-5eeb86205f36,4,2025-02-25T00:12:16.601Z
372df632-aef0-4fb3-96a4-082e32e765a8,5b0f26c1-26f0-4e37-b213-66c33a01c504,4,2025-03-15T17:12:26.263Z
e4a36e93-52d6-4a56-af31-70b4a7c0865d,5b0f26c1-26f0-4e37-b213-66c33a01c504,4,2025-09-22T19:09:59.718Z
69daa782-f015-406e-923a-2654cd55db8c,5b0f26c1-26f0-4e37-b213-66c33a01c504,5,2025-04-23T13:31:43.314Z
d9a478ac-af75-497f-bd50-89af07429ffe,b8bf2c0a-19c8-452c-b288-a1616699941f,5,2025-08-24T13:56:48.191Z
0bc402f2-23bb-4577-b08b-088ae060a815,b8bf2c0a-19c8-452c-b288-a1616699941f,4,2025-07-26T05:09:10.411Z
e83999f5-50f7-43c2-be11-c4f6f134c689,b8bf2c0a-19c8-452c-b288-a1616699941f,4,2025-08-09T12:54:20.314Z
437cf0e3-0992-4673-b7a8-7126cf56f9c1,b8bf2c0a-19c8-452c-b288-a1616699941f,5,2025-03-01T07:44:13.226Z
02f7d20f-bc48-452d-8129-9706b3c3f9dc,b8bf2c0a-19c8-452c-b288-a1616699941f,5,2025-01-17T13:12:56.615Z
e8bd854a-6c40-4606-97ad-c55505da1a2a,b8bf2c0a-19c8-452c-b288-a1616699941f,5,2025-02-26T15:38:53.538Z
ee8779ee-9b66-4943-88fb-37ceb938b17f,b8bf2c0a-19c8-452c-b288-a1616699941f,5,2024-11-21T01:22:46.323Z
5ef3356b-74b3-4560-9aae-2ca9352e9314,601c0c09-4e92-4d58-8cfa-ee1fe70e7b35,4,2025-09-15T23:00:33.223Z
d9a478ac-af75-497f-bd50-89af07429ffe,601c0c09-4e92-4d58-8cfa-ee1fe70e7b35,4,2025-08-02T02:17:21.624Z
a89b5f5e-123f-4c07-a48e-b91cf1a0eb5e,601c0c09-4e92-4d58-8cfa-ee1fe70e7b35,4,2024-11-10T06:49:43.133Z
f3670d6e-8dff-45c4-9ebf-997142cd6759,601c0c09-4e92-4d58-8cfa-ee1fe70e7b35,2,2025-05-25T10:50:42.936Z
55e23258-1dd8-4ad1-9601-d2420f892039,601c0c09-4e92-4d58-8cfa-ee1fe70e7b35,3,2025-06-05T16:07:56.456Z
5b24299f-d5d5-4ee0-bc02-821e0a723ff1,601c0c09-4e92-4d58-8cfa-ee1fe70e7b35,4,2025-07-25T08:06:02.636Z
b76696e1-0e2b-415a-ac00-bd4584b132d2,601c0c09-4e92-4d58-8cfa-ee1fe70e7b35,4,2025-02-20T04:14:01.086Z
03d7e677-e9c2-43f1-88bf-f7c3a70eee6c,601c0c09-4e92-4d58-8cfa-ee1fe70e7b35,3,2025-01-15T00:25:08.292Z
13d8e10c-8ab8-47bb-b162-c2d3b43fe8f6,601c0c09-4e92-4d58-8cfa-ee1fe70e7b35,5,2025-01-27T08:56:13.055Z
2602e310-9951-44ea-8261-b8443f1af866,601c0c09-4e92-4d58-8cfa-ee1fe70e7b35,5,2025-05-31T11:17:13.227Z
f5933ca7-840a-49c7-bdbc-3531b809f8da,601c0c09-4e92-4d58-8cfa-ee1fe70e7b35,4,2025-02-02T02:39:33.254Z
69daa782-f015-406e-923a-2654cd55db8c,ffd032c3-4d2b-4385-92e4-5bb6b3bfb5da,5,2025-05-24T11:26:57.029Z
70b36e3e-a559-40d8-89b8-3e50f03bf8bf,ffd032c3-4d2b-4385-92e4-5bb6b3bfb5da,5,2025-10-14T22:49:57.573Z
3584605e-5bfd-4759-8f8a-b94a986af3d4,ffd032c3-4d2b-4385-92e4-5bb6b3bfb5da,5,2025-03-07T15:39:22.994Z
1b210726-bd70-4eef-af83-5600ae4d1329,ffd032c3-4d2b-4385-92e4-5bb6b3bfb5da,5,2025-08-10T04:05:05.736Z
5d7f6048-2719-47bd-9654-e63d2fe1b11d,ffd032c3-4d2b-4385-92e4-5bb6b3bfb5da,4,2025-05-01T19:47:03.073Z
4d37a6fa-8b4b-4528-9da6-e2237895ccd0,9656e360-6524-4a65-b319-aa1b74064e8b,4,2025-07-26T15:11:03.095Z
cf7db16e-a925-4efe-a77a-281c35f8820b,9656e360-6524-4a65-b319-aa1b74064e8b,5,2025-08-01T11:45:11.466Z
a7fed50a-6359-4f56-b730-c8318f38b2da,9656e360-6524-4a65-b319-aa1b74064e8b,2,2025-04-21T16:09:55.045Z
94bd0bba-facf-4375-8f7b-0babb332ff4c,459a1dee-08d6-433b-9c3d-7915ffb541a3,5,2025-07-29T23:57:16.031Z
e022f713-93a4-4ca6-a47d-075d9e6f3225,459a1dee-08d6-433b-9c3d-7915ffb541a3,4,2025-03-12T23:44:26.369Z
a0d71426-92f3-4803-af7b-782cfacc933f,459a1dee-08d6-433b-9c3d-7915ffb541a3,4,2024-12-25T11:29:30.337Z
e4468f91-c666-4eeb-aba8-348a5c805f2a,459a1dee-08d6-433b-9c3d-7915ffb541a3,5,2025-05-22T23:32:34.207Z
09c012a4-181a-40db-a206-21c753c02c6f,459a1dee-08d6-433b-9c3d-7915ffb541a3,3,2025-01-10T13:58:02.979Z
c14b3e66-c84c-497c-bd85-1f8475758d81,459a1dee-08d6-433b-9c3d-7915ffb541a3,5,2025-09-25T04:36:17.671Z
46b0f9b3-3cc9-4486-ba84-bee6b4d84a79,459a1dee-08d6-433b-9c3d-7915ffb541a3,3,2025-11-01T01:35:14.534Z
b2f64758-46dd-4976-8099-3d51ed6c82fc,459a1dee-08d6-433b-9c3d-7915ffb541a3,5,2025-10-19T23:33:27.950Z
80eb26dd-349f-44f4-8e61-17c3b9678537,459a1dee-08d6-433b-9c3d-7915ffb541a3,3,2025-05-14T17:25:11.595Z
3504dab8-9f9a-44a2-ba4c-262d81e195ac,459a1dee-08d6-433b-9c3d-7915ffb541a3,5,2025-09-06T19:43:18.938Z
6643310e-d373-4304-b7ae-20bb87c94b7b,459a1dee-08d6-433b-9c3d-7915ffb541a3,4,2024-12-01T12:12:41.170Z
6bd5906b-a251-4a7b-87d3-bf343fa0e892,02119aad-64cf-42af-9c1a-a468f6b608c3,4,2025-08-30T03:00:17.007Z
94f0d7a4-11b1-44fe-ae75-098f9fe9a952,02119aad-64cf-42af-9c1a-a468f6b608c3,4,2024-11-22T01:54:51.929Z
e472ab3f-cca0-42e4-9f11-4f617f0cd5a1,0bc4f06f-cc51-47d9-b4ee-79abbe8052ce,4,2024-11-06T16:36:28.662Z
1fa63e00-e9cb-4522-95fc-709d8085fdc2,0bc4f06f-cc51-47d9-b4ee-79abbe8052ce,5,2024-12-24T13:51:59.930Z
ef89f62a-3610-4314-86d3-092028466728,0bc4f06f-cc51-47d9-b4ee-79abbe8052ce,3,2025-06-22T17:13:41.398Z
f0981677-db7a-4b96-80bf-340dd0bdefd9,0bc4f06f-cc51-47d9-b4ee-79abbe8052ce,5,2024-11-29T04:26:22.391Z
80b860c9-62a0-42b1-987e-c814cbba2733,0bc4f06f-cc51-47d9-b4ee-79abbe8052ce,3,2024-12-29T12:32:18.681Z
711d7c1a-e4d5-473b-92f6-92ab98f1c5e0,0bc4f06f-cc51-47d9-b4ee-79abbe8052ce,1,2025-01-23T05:53:34.961Z
ade36c23-1823-40ad-94fd-b69be6a6b6b0,0778d242-7c90-47f0-8ecb-ddf07636e712,5,2025-04-19T21:55:12.421Z
12dcd9a7-5ec8-47a1-a469-f784d041e3be,0778d242-7c90-47f0-8ecb-ddf07636e712,3,2024-11-26T10:32:24.443Z
1d02e7fc-b42d-46b4-9aa8-397099b5c25b,02028562-4325-46ca-87f1-04b1de31fa69,5,2025-06-25T06:49:28.809Z
29a516bd-1320-4b36-a3b7-085003539419,02028562-4325-46ca-87f1-04b1de31fa69,4,2025-10-11T11:01:29.176Z
cebcd63a-409e-4bf7-9eb7-0b27e0963237,02028562-4325-46ca-87f1-04b1de31fa69,4,2025-10-03T17:36:32.690Z
9797e2f2-d8ff-4432-86f3-891e8f0a5aed,02028562-4325-46ca-87f1-04b1de31fa69,5,2025-07-03T03:46:37.929Z
cc966984-0e2c-4557-aeb2-c3ff7246730a,02028562-4325-46ca-87f1-04b1de31fa69,5,2024-11-10T02:32:59.213Z
7bd3961a-7b18-4259-9f8a-9dea19c6e99d,1d847b4b-d2bc-435e-aeea-098d3b1f5c5d,5,2025-05-17T17:53:44.885Z
edf08249-9d63-4a6d-9ee3-f502ba7178df,1d847b4b-d2bc-435e-aeea-098d3b1f5c5d,5,2025-04-03T14:20:36.710Z
80718981-6489-4445-b11c-31c21d47a7fe,1d847b4b-d2bc-435e-aeea-098d3b1f5c5d,5,2024-11-10T11:15:58.624Z
22345958-84cf-40dd-9ab4-05ea7aa66f91,1d847b4b-d2bc-435e-aeea-098d3b1f5c5d,3,2025-07-26T03:13:01.057Z
b4237022-d1ac-4d29-8286-f6daf631646e,1d847b4b-d2bc-435e-aeea-098d3b1f5c5d,1,2025-05-19T00:48:01.879Z
2002307e-b26a-47b6-ba43-ecc98f99b707,1d847b4b-d2bc-435e-aeea-098d3b1f5c5d,5,2025-02-17T01:41:30.461Z
e472ab3f-cca0-42e4-9f11-4f617f0cd5a1,2a369eae-878f-4615-abde-f6976b55abd0,3,2025-05-06T18:57:14.744Z
d0e3a404-6fbf-4648-b5ec-ba26d4116d9d,2a369eae-878f-4615-abde-f6976b55abd0,4,2025-07-17T05:54:50.633Z
b8bc768d-e4e2-4f95-85b9-31516d642d49,2a369eae-878f-4615-abde-f6976b55abd0,4,2025-04-10T14:57:01.074Z
2f384b6c-abeb-4599-b264-95a0045d1ef3,2a369eae-878f-4615-abde-f6976b55abd0,5,2025-10-13T13:56:16.748Z
cdae48b7-56b7-412c-a7e6-fcf8fda59060,2a369eae-878f-4615-abde-f6976b55abd0,4,2025-01-08T20:03:32.375Z
d7f3b3e4-4983-4b5c-809d-71a022778dfc,edbf0dd0-83c3-44b8-b50e-de0b9fd520ca,4,2025-10-05T16:02:41.019Z
39e95c63-21ad-4a20-9a77-412fa3742c1f,edbf0dd0-83c3-44b8-b50e-de0b9fd520ca,3,2025-05-14T21:17:07.668Z
e9c3ed20-b148-49c8-b8c1-242aa4c67429,edbf0dd0-83c3-44b8-b50e-de0b9fd520ca,5,2025-01-31T08:55:25.825Z
e1b3ef19-8ee3-47fe-858d-21d1f52866b7,edbf0dd0-83c3-44b8-b50e-de0b9fd520ca,3,2025-06-18T17:29:56.421Z
b2f64758-46dd-4976-8099-3d51ed6c82fc,edbf0dd0-83c3-44b8-b50e-de0b9fd520ca,5,2025-02-04T13:17:10.382Z
820f8f09-3c32-4809-8663-ec1ec29fdfcd,edbf0dd0-83c3-44b8-b50e-de0b9fd520ca,5,2025-03-13T19:35:40.247Z
0f03f857-9e84-420e-88a8-b32930342830,edbf0dd0-83c3-44b8-b50e-de0b9fd520ca,4,2025-08-21T16:52:11.968Z
988b99c6-f9ac-4142-8e50-a9b351e7c57d,edbf0dd0-83c3-44b8-b50e-de0b9fd520ca,3,2024-12-03T05:18:45.415Z
dbd8996c-0897-40a8-b5db-c33968d3291a,3125465c-b7cc-41be-9c8d-b2b1cd354e9e,4,2025-10-20T17:37:23.235Z
5d8e65a6-cf5e-495b-a0bc-80c0abac25d7,3125465c-b7cc-41be-9c8d-b2b1cd354e9e,5,2025-04-21T00:06:46.680Z
69daa782-f015-406e-923a-2654cd55db8c,3125465c-b7cc-41be-9c8d-b2b1cd354e9e,4,2025-02-01T04:33:03.310Z
7c74f49a-c094-47ca-b97a-f1952e16514c,3125465c-b7cc-41be-9c8d-b2b1cd354e9e,5,2025-07-17T00:27:18.356Z
35e06f1d-6e21-4a4a-bf70-27a6c3b75dad,3125465c-b7cc-41be-9c8d-b2b1cd354e9e,5,2025-02-21T22:09:16.531Z
a67c9ead-ebf6-4027-bad8-babca4a37059,48674078-574f-4724-b5d9-87016ab922a7,4,2025-09-02T19:14:32.409Z
0f719066-ee54-400a-83a3-45ef1f5eb69f,48674078-574f-4724-b5d9-87016ab922a7,4,2024-12-03T19:19:02.817Z
4772dc4a-692f-4445-b791-eff1ffb002f4,48674078-574f-4724-b5d9-87016ab922a7,5,2025-11-01T13:25:52.872Z
41321fc8-5a68-4980-a2d2-3dbfbea37f8b,48674078-574f-4724-b5d9-87016ab922a7,5,2025-06-29T17:28:03.643Z
fd429afb-0205-4a08-b3f4-c5b298ad8cb1,48674078-574f-4724-b5d9-87016ab922a7,3,2024-11-15T22:23:15.517Z
05ed5d86-4566-4940-b76e-c1b81e20c927,48674078-574f-4724-b5d9-87016ab922a7,5,2025-04-01T09:13:16.259Z
995e6a45-ccff-452b-8dbf-3033d8876f4a,48674078-574f-4724-b5d9-87016ab922a7,4,2025-03-22T02:49:36.499Z
612443a2-8353-4d26-9911-b37fad90b154,48674078-574f-4724-b5d9-87016ab922a7,5,2025-04-27T05:11:43.279Z
5020fa2d-b3cc-4c8e-a15a-26322253dc57,503125d6-ccee-4570-8d70-a8c80a784a7d,3,2025-06-24T22:13:46.918Z
3669db46-ab7e-47ec-a967-f4bbb7d0245a,503125d6-ccee-4570-8d70-a8c80a784a7d,5,2025-07-19T01:37:14.848Z
62cf8a62-f819-465c-b276-ab2c19161d81,503125d6-ccee-4570-8d70-a8c80a784a7d,4,2024-12-04T13:27:20.138Z
196b8b5f-a1ea-47cd-bb38-7c89da645319,503125d6-ccee-4570-8d70-a8c80a784a7d,5,2025-09-09T02:36:25.159Z
29e73a97-0aaa-4980-9e85-9b0e035deec4,503125d6-ccee-4570-8d70-a8c80a784a7d,5,2025-06-27T21:45:03.578Z
1e36de4b-9fcd-4673-90f5-4a603da00cc9,503125d6-ccee-4570-8d70-a8c80a784a7d,5,2025-03-05T08:29:15.404Z
41279edc-7fea-49aa-a1d8-481638393165,b85cc456-a668-4e9b-a3c9-fe874ab57cd4,5,2025-10-27T07:40:56.284Z
e6d27eb6-3d36-4cf8-9f30-a4b125fdb93a,b85cc456-a668-4e9b-a3c9-fe874ab57cd4,5,2025-10-26T01:05:39.759Z
5daf580f-e77a-4ddc-b59a-009e924018ca,b85cc456-a668-4e9b-a3c9-fe874ab57cd4,4,2025-09-27T04:10:26.056Z
a6a69aaf-ac7c-46ff-a522-61a4f21058be,b85cc456-a668-4e9b-a3c9-fe874ab57cd4,5,2025-10-06T01:42:59.806Z
f5933ca7-840a-49c7-bdbc-3531b809f8da,b85cc456-a668-4e9b-a3c9-fe874ab57cd4,4,2025-01-27T06:43:36.690Z
b10acb61-149b-432a-8123-46b8b832cf6f,b85cc456-a668-4e9b-a3c9-fe874ab57cd4,5,2025-09-29T12:59:28.831Z
31eec980-431a-4575-8647-1a0dc260acb6,f99d80f2-6288-4de6-b331-775d65310862,4,2025-07-15T05:04:36.577Z
caa2467c-e52b-4911-9411-e76819d4c8d1,f99d80f2-6288-4de6-b331-775d65310862,3,2025-05-30T08:56:33.695Z
65942204-4c86-437a-8b85-4f8a5e24e5f0,3f1ba7d9-3ec4-43b6-9c55-184507e4d8d7,3,2025-02-11T09:00:11.009Z
42d2f5dc-c9b7-4780-8c4b-c70f303c25dd,a18f7073-9f8a-4d77-b8b5-0dba3760aedc,5,2025-10-07T21:36:25.998Z
a815df38-2380-43eb-b1e4-732d93af8ec4,a18f7073-9f8a-4d77-b8b5-0dba3760aedc,4,2025-07-12T08:11:13.168Z
80146f48-fc2e-4fd4-8cf1-720218364585,a18f7073-9f8a-4d77-b8b5-0dba3760aedc,5,2025-02-14T18:19:53.176Z
ec4972fc-ed7a-4528-8bd7-a7a832796f65,a18f7073-9f8a-4d77-b8b5-0dba3760aedc,2,2025-05-21T16:43:32.386Z
c6d7c1ef-46aa-4f70-9e11-566dfa21601f,a18f7073-9f8a-4d77-b8b5-0dba3760aedc,4,2025-07-02T17:28:35.560Z
5122f6d3-ec10-4cc7-8705-dbc1d5ce6d1d,a1477824-d051-4590-b751-4b30b983e44a,3,2025-01-08T20:49:38.708Z
ada3ff14-d461-4de7-a327-16869c0b6e00,a1477824-d051-4590-b751-4b30b983e44a,3,2025-09-10T23:17:35.263Z
132ce6ee-0e20-41d0-8e85-ecbfd983e60f,a1477824-d051-4590-b751-4b30b983e44a,5,2024-11-10T01:54:14.376Z
2602e310-9951-44ea-8261-b8443f1af866,a1477824-d051-4590-b751-4b30b983e44a,3,2025-01-19T00:32:49.958Z
b4506655-cd62-4f80-b049-494a95231dbb,a1477824-d051-4590-b751-4b30b983e44a,4,2024-12-27T00:35:51.032Z
a27fed71-d12a-4282-a2fc-6835febec6cb,a1477824-d051-4590-b751-4b30b983e44a,5,2025-08-31T02:37:37.066Z
112bac9a-1a01-4b58-8aa4-3895009945e2,a1477824-d051-4590-b751-4b30b983e44a,5,2025-08-31T04:28:55.933Z
329f80ce-5738-44c2-b3c0-658221a476fd,c7c379b6-b303-4fcd-a993-8bbd7ea396b6,4,2025-10-09T14:56:37.266Z
2002307e-b26a-47b6-ba43-ecc98f99b707,c7c379b6-b303-4fcd-a993-8bbd7ea396b6,4,2025-02-21T16:02:17.795Z
dd09414c-c47e-4d72-89e4-20c9d31f0287,c7c379b6-b303-4fcd-a993-8bbd7ea396b6,5,2025-05-29T08:10:16.020Z
e472ab3f-cca0-42e4-9f11-4f617f0cd5a1,c7c379b6-b303-4fcd-a993-8bbd7ea396b6,5,2025-05-30T08:10:09.536Z
6a58f60d-23f5-460f-aab7-16d78a0ed938,c7c379b6-b303-4fcd-a993-8bbd7ea396b6,5,2025-09-10T14:39:26.362Z
b9ff9efc-013f-4e3d-857b-bc48c3a14af7,c7c379b6-b303-4fcd-a993-8bbd7ea396b6,4,2025-07-09T15:22:29.680Z
80dabea7-2b68-474b-9980-f626736e7f14,c7c379b6-b303-4fcd-a993-8bbd7ea396b6,5,2025-05-20T19:05:21.926Z
b10acb61-149b-432a-8123-46b8b832cf6f,04ba4036-77ca-40b3-90b9-f4933eb93a7e,4,2025-03-24T13:21:09.642Z
caed2df1-5ff4-4e1d-bc40-87d38343981a,04ba4036-77ca-40b3-90b9-f4933eb93a7e,4,2025-08-01T13:04:39.066Z
e1b3ef19-8ee3-47fe-858d-21d1f52866b7,04ba4036-77ca-40b3-90b9-f4933eb93a7e,4,2025-08-20T01:57:55.384Z
12dcd9a7-5ec8-47a1-a469-f784d041e3be,04ba4036-77ca-40b3-90b9-f4933eb93a7e,4,2025-07-14T02:58:46.770Z
86f9a2c4-6cbf-4a77-a229-f014428ea8db,04ba4036-77ca-40b3-90b9-f4933eb93a7e,5,2024-12-03T00:07:37.940Z
0619ba60-40f6-480b-b555-987b1e16a53d,04ba4036-77ca-40b3-90b9-f4933eb93a7e,4,2025-08-03T15:08:31.902Z
48c5fc14-06e6-4689-b3f7-b18474ee8bbe,04ba4036-77ca-40b3-90b9-f4933eb93a7e,4,2025-03-10T16:22:12.877Z
e61d9ca3-f8fb-4fbf-a748-fd0fb50ed251,04ba4036-77ca-40b3-90b9-f4933eb93a7e,5,2024-12-10T00:56:20.602Z
6844414b-427b-4cd4-8af5-d444cbedfae5,04ba4036-77ca-40b3-90b9-f4933eb93a7e,5,2025-01-28T03:34:03.060Z
8346645b-8a98-41d6-a662-14d607505f19,04ba4036-77ca-40b3-90b9-f4933eb93a7e,4,2024-12-02T03:00:23.738Z
3736393d-4e91-49f7-9a55-6cdf3dbc9710,04ba4036-77ca-40b3-90b9-f4933eb93a7e,5,2025-06-13T09:24:46.264Z
