"videoid","views","total_play_time","complete_views","unique_viewers"
"a3fd8e16-6c66-4fcd-bbdf-2c5cc0659a1e","214","73188","98","152"
"d217f9f4-58a6-425a-9132-6886a1d1a981","115","60950","62","70"
"baa2638b-d3d7-4f62-935f-7c3b8ad90cd8","123","22263","44","81"
"0fbc8ae1-f2ea-4ad1-98e0-e376bab50503","130","41080","54","78"
"2c033945-1438-4593-ad5d-46b1ffb77a43","101","52621","73","95"
"afe74c66-921c-43be-b49d-a278e74539fb","504","133560","184","472"
"ad507fac-6a74-4f6c-8197-3f0954b66269","102","40086","77","62"
"9d0e9179-1a3a-4595-8b5d-958ef20e86db","199","30845","106","177"
"31c500f1-880d-4457-b0b8-cf6a8b9746f6","142","38908","62","122"
"8159f69c-67ae-4f50-a3d0-018a812f49d8","140","56560","96","108"
"bfa3601c-41d1-4d67-8ca6-b1f6829d39b2","103","28016","66","78"
"ea32d0d1-fbd9-451c-a9a4-f7b044a66452","352","206272","126","257"
"94f0b97b-8acc-4ff4-a898-318d06b65598","189","25326","77","168"
"5ede4483-074d-450f-9fc7-3525c7f7de0b","110","31350","80","93"
"89695d55-40a0-49ec-9ac3-75a6c053a31f","118","19470","46","108"
"285ea3e5-21e8-4d6e-b5b1-82300233679a","135","78570","76","81"
"77240b9a-5bbb-4613-86e3-f81a24946781","217","31682","93","189"
"24ed73f2-3b95-44df-a0fe-44d35d40c764","108","29700","36","77"
"2babaf16-fd9d-457d-a303-5d2d9263a230","188","100580","92","158"
"532fc2ef-9141-4a88-aed7-c37ebff720d7","561","234498","297","361"
"0bc26cfc-48d0-43fb-9f4a-5aa0c51518f8","374","188870","221","335"
"ed0f509e-7cdb-4b59-af89-7958eec43ad4","450","200700","235","289"
"65d309f1-5bd9-40d9-b14e-a3efab1fa3a7","164","68060","88","126"
"cd6ef0ab-2e7a-4f11-add1-2e9d054ffffe","124","63860","82","84"
"1c1b9263-9449-47a0-9cba-86736588b929","122","33062","79","88"
"e848006d-aaf1-44ef-b7dd-74fb23af6f8b","333","81252","209","285"
"23567bf9-93b3-4c68-885d-6ddb4250143c","116","18444","39","89"
"fbd2f707-9187-417d-8cc5-b88ed6cdc8f2","117","54171","47","103"
"744380ac-88ae-4860-bed2-4134fdba9940","114","19722","53","100"
"b1a4306d-c9de-45ce-8c2a-6ce0174aa946","260","99580","189","225"
"93d9d94e-bfe4-4314-9dd6-ca6f24c8d64e","128","45056","80","114"
"1cee3d64-6c0c-467f-abbb-58eae8dd3fbd","107","19902","43","77"
"91efa751-5925-40c7-bd72-16e07c947d78","1171","660444","714","785"
"76ca851b-de44-4aed-91e7-6eebc9ec2659","140","21700","61","92"
"bb4f6f6d-a2e6-4d17-9ccc-df6008fece73","127","71755","74","80"
"4773d082-8376-4d2a-a1f4-afe8ee03762c","150","26100","100","102"
"9b84f4ea-cf63-468c-845f-06c778dab0e2","446","95890","193","341"
"8c033711-d560-4f9a-ad60-2b8755f35e9b","165","49500","71","152"
"b6d849a1-8016-4617-a8f4-54453fa1e5a7","106","36040","43","78"
"17e69b48-1999-4654-b4f3-b2c74625df8f","145","42050","47","100"
"972a131b-d155-4e2c-84e7-c8f764e3d9da","107","48364","52","98"
"490404d7-2cc6-4ec6-a4eb-3dffc3247ba0","115","24840","57","92"
"c40c7c77-f469-4fcb-b148-1d19b785c7a3","165","61380","92","105"
"49253dd9-5a41-4868-85b4-474ffd0fe6e6","103","25441","80","69"
"bfd924aa-9fec-48a6-b525-a0814fe7a84a","103","14214","60","70"
"b2cf98fd-4dc2-44a8-9bad-8779799201a6","165","43065","68","134"
"30d15be7-2877-4efb-9952-f8ac98d4a29b","231","73920","114","156"
"6f8bce37-547c-4a96-863a-02bfeab47614","318","150732","138","213"
"0cd34b0e-4ae7-4d2a-be49-8b5695b0565c","279","82863","172","236"
"7551188a-de55-4e25-99ac-74595d3636e1","125","15125","43","97"
"47020f33-0c5e-4743-9425-2620c03c300e","223","81172","149","200"
"42bf0fc8-c29a-469c-8e80-88f7898d2282","217","44919","99","135"
"75df4074-6821-4fa1-8646-7f64991b6ef6","114","66120","60","106"
"17502c19-de22-444f-9363-8e58f747e8f3","207","70173","96","137"
"5abdf541-f76b-47d8-bab6-faa950b7499c","122","19398","47","105"
"0389e2f5-2e8d-4259-ac25-99d239af0752","100","30000","78","80"
"a2200b2f-9081-47a1-aa51-1c33e8a0c625","156","38376","83","96"
"94dfe7aa-711d-473e-91cf-9c62ee3d575b","101","47268","80","90"
"9f3c93d9-3eff-4bb7-9b72-0afd620bd77b","164","33620","111","142"
"dcb6ed91-2b70-4139-92f6-3722c8eef95a","107","56817","71","81"
"b07f9efa-93ce-4591-a0b0-ead67239a291","242","96558","103","186"
"0bf00128-5f36-4300-89cc-33da32caeefe","135","17010","96","95"
"5485dad4-0029-4361-abb4-543c3e38fd6f","131","50435","90","117"
"9af7749d-80d5-453a-934e-57db0225448c","470","199750","254","326"
"4c6018d3-ee89-4e47-9162-219628bb0d4c","162","72414","50","152"
"0c9b65cd-c178-48d4-aa2b-c8a00b8ef5f8","364","166348","290","263"
"3da1ead5-263b-49aa-a8d2-42534b1a83be","102","42330","68","95"
"6c048c66-12a1-4d6a-9edf-10c0f9bf455f","134","67134","46","123"
"6fdb5737-98b0-4563-9ca2-6ffb982dd20b","137","23975","107","124"
"3b07691d-5f24-4f2c-8f1b-d239fd103b46","213","123540","161","201"
"c84d5a6b-5b6e-4235-93e1-6790d807bf2a","402","84018","173","336"
"08d3a4cd-5540-4c31-80f9-4c47c17c67e3","430","137600","255","400"
"7670ea23-068e-4076-a8a9-773b1a807cf7","124","26908","39","96"
"78220f8b-3d2f-4be3-8f69-376a71abd307","132","57156","47","115"
"4a5c8ab7-0c76-42e4-8870-ecdc6d54b01b","174","91350","121","121"
"01105d50-9a00-447f-a263-bbdb94058876","1023","383625","781","666"
"a548d4f5-7552-4a19-bf40-209e6e42a40f","214","82818","167","175"
"1beb2eae-a6d0-4630-b36c-553a0d948e51","207","56925","112","128"
"24a7d72b-d811-40ca-bfc8-5fc009c2aba1","126","44352","40","88"
"2864a880-1162-4fd4-b2e9-105066bd7534","182","26754","99","109"
"95a8aa3e-6c47-4597-8dd3-ac96599968e1","133","72751","39","91"
"20b8c2e7-89c3-450d-b52b-075b6d3e93a1","133","35245","92","103"
"ad1859a2-99c7-4f2b-9afb-bda852ea8886","834","339438","314","525"
"5116b63b-58af-41e2-b10d-66fa9404c5e6","123","60885","48","98"
"21b1ecb4-9ec9-43c9-b214-952cff4e9fa6","105","24360","33","97"
"ff86c630-c1a5-44d2-ac98-da07ed33b557","121","56507","74","90"
"90230ddb-4262-4b7b-9420-b6e1a1f83d72","970","164900","724","894"
"5c053669-edc3-4e95-badf-2913914f57eb","183","38064","106","153"
"ea63aeb6-814e-432a-95f3-23bf45076bd2","129","53664","47","112"
"fab4016c-8e01-4511-bbea-4f065a732625","121","40293","69","85"
"50e6334e-df73-4874-9e30-5ac56a7609d6","106","43460","80","80"
"200f6296-7710-4b08-8f93-ff384fd4575e","114","59280","84","85"
"ecdbb6c1-f2b0-4054-bae5-4e57d697939f","110","38060","71","85"
"d4e968d3-b9cb-4cdc-83a0-ebe9dbfeca74","216","65448","115","161"
"9f3fd152-283b-4ed6-941f-a9ef0db7a00c","143","47190","75","131"
"0b38f4bb-b4af-4592-9a3b-bff6e16d876c","101","51712","51","87"
"9284d51b-36e9-43cc-986b-16b82f313ffb","189","51786","131","151"
"e2144bb8-c436-4653-8fd9-c02e0a2e685c","136","59432","77","108"
"87b8ef2b-b43d-4e21-9a2c-e4203afb9942","126","63756","91","81"
"c20ffbfd-8007-46a0-82fb-4f3b2189d849","209","74404","147","189"
"a9d4a2c4-4ad9-46e2-b86a-c389117a34fe","150","22050","51","104"
"345dbbae-267d-4977-8bb2-e331d471008d","1735","301890","809","1100"
"d1a6d047-dd5c-4ba3-8464-ab3741386855","125","45750","80","112"
"3cc58ca6-c6ac-4a94-a373-b850410aaa68","109","45671","69","93"
"97549688-c771-4f3a-9217-3e714977873f","103","23072","57","82"
"9ef63ddd-00a6-4384-927a-5faf636562f9","977","184653","402","817"
"cff472dc-b2c5-4700-9ca0-13b4feb70c7b","357","97818","219","304"
"4846a2a5-197d-4315-b904-bc8d69f01216","628","334096","340","527"
"1af16169-aebe-4519-a3f4-c9565e60dbd5","108","12960","40","98"
"78a35cdf-6953-4932-8270-b94ce1acf9dc","163","40098","65","124"
"b608f1a9-e534-466b-93df-731787a5cf03","329","114163","162","304"
"ab3596be-86c8-425a-85a3-81e385f8cb00","126","46242","99","111"
"74c45e70-32af-4267-a223-d0b7a1633fdc","341","136059","146","277"
"615e9b29-12a3-412f-87e6-a3f9ded65a35","147","67032","89","110"
"e2ebcdab-6462-46c3-8cf5-dd1c30ff4380","196","41944","72","168"
"a1dc58e5-76aa-4b7a-b237-92bbbd96588b","120","45720","80","94"
"00f387f8-bb09-4fff-892e-8905650e3001","153","41004","68","97"
"1f148ce0-810e-4c4e-bc5e-8729c2e8abec","180","55440","114","132"
"7db373e0-2c73-443a-bfce-7cc350574a0c","221","38454","117","195"
"c8f25ee1-5fe0-44c0-993b-d3956f5c2f04","111","29415","58","88"
"8267f235-b1c6-4dfb-855b-6a05aa4cb735","100","27500","31","82"
"a35c3655-e365-46ea-9173-806288336743","204","70788","65","187"
"d75afe88-9c20-4c8c-a4ea-f36fbb60058a","897","322023","664","682"
"d971602b-71f0-4483-9923-b478eedc9353","100","20100","47","89"
"e14b389a-8d25-43f3-af8a-00cc171372db","159","47382","119","124"
"4207f780-bc73-43b8-8826-87e90679839a","161","33649","101","116"
"f0d30e27-3100-4e31-9639-fee1eea772fe","233","68269","123","209"
"c57cf98e-cd32-43af-9e0b-239056eb709b","110","57310","74","77"
"67b19b65-aa7e-4885-826f-f8f493e3d056","139","81871","100","106"
"d3284e47-8bae-423a-b1d0-322e1494583f","893","383990","562","715"
"cc764912-6446-4e1e-a942-c2b5adb7ba0a","574","296758","361","396"
"e14a979f-4452-48b5-aea7-a6657233f069","222","93462","172","160"
"0b9e5152-52ee-4ff6-8bb0-364ce46f0259","189","61614","63","115"
"acacfd85-318d-48fb-a82e-93bd1ba5fe3c","241","57358","83","153"
"fffa75e2-2a06-4cac-b5e2-ad228e9671cf","613","222519","283","417"
"2d65e88a-4074-4f9e-83a3-e71528dbe328","267","157263","177","182"
"e6790292-6eb5-4e15-9acb-8e8a334f549a","463","96767","307","340"
"a8eee33d-cf31-4e8b-9978-a0bd20676db2","1119","662448","371","911"
"ae33b937-1f79-440b-9689-766dcda789c3","108","59724","72","81"
"3ce01999-951a-4ca9-a3b2-e2a1aa62696f","136","60248","97","125"
"216bddb7-ea53-410b-8358-e52a3eebbdc2","129","61533","67","83"
"2678cd3e-616f-4f0f-b9d5-06fe76ef8b13","196","79184","78","134"
"ed193e08-cc9c-405e-9338-10e00294a8a3","146","38836","60","125"
"12c1bec4-e2e9-467f-b8b4-ecd5b66b9b18","146","56940","102","97"
"390b3b37-b54c-4cbc-adfa-fb0c44045f10","178","78676","138","112"
"d7140759-e54f-45e1-8a96-1bf8202c79d0","102","19482","76","74"
"241d4064-427d-4190-a17c-653cec8eec19","141","56259","103","101"
"58f10ba1-de45-4e34-a157-02091000ffa0","214","125404","142","167"
"89362e5e-42d2-411b-a9ef-9519504517b2","115","25990","67","88"
"04f79238-e71c-44e4-afe3-708970a8e529","133","57988","99","119"
"12f4cdae-1189-47de-815c-6ac018d3853f","293","100792","150","214"
"4492263e-c1d3-4a84-900d-1d1196029c14","105","16800","38","82"
"ecbbd5e4-86a7-4850-ace2-521fc0a3d0bc","107","40125","44","86"
"7a53334c-16a8-4c5b-afef-f610365c756f","130","30420","92","91"
"097a630a-e8ff-443c-9472-eed641dc27a9","323","103037","210","201"
"c6987cc0-4adb-4bb1-aced-048cf0bec414","392","104664","132","314"
"00bc2ad0-c672-4c60-9280-b896d140f24d","359","214323","217","254"
"b64369ad-c996-4905-a654-f177e1855d43","190","75810","123","121"
"cd9138d3-e101-4578-94b9-951b91c680d1","152","89528","120","125"
"80ccb73c-b54b-4e12-bf09-c4ae22c4ca2e","102","34170","43","73"
"04a55bcf-3312-4f26-be7f-7ce7d650a9fb","262","50042","105","232"
"8c8e7c90-6b72-45d2-84f8-284fe9ab8a40","130","65910","82","117"
"130409a8-1ac3-4c77-a209-f7dd57d70268","119","18683","83","94"
"44aceda7-31ae-478d-8dc1-391d1884037e","187","102289","127","114"
"cf8797c7-2973-48ef-aef0-53e19c51494b","1407","468531","842","1145"
"e6519548-21e0-453d-b45a-1914c15ef662","105","42210","56","67"
"0cc38851-fb4d-432c-8f04-467960177796","235","40655","74","182"
"451a9058-202b-4610-96b2-6e34f88aca0e","201","68340","108","175"
"6d8fc9a3-7c80-4360-9524-d2a0498852cb","403","95108","125","249"
"f9216a06-2d8f-4e09-a521-871a846f63e9","269","143915","107","218"
"af6f142f-ef9d-4796-86b5-71dbcb73aeb8","137","64390","91","108"
"de9c956f-d3f9-4c44-9907-6351b5bf5d83","103","52736","50","66"
"e2f032e1-e893-46ee-a120-e54f52f4706b","223","89423","82","167"
"4252665b-4442-46b5-8109-a02518e8586f","455","264810","220","303"
"c7a644c4-228b-4df3-835e-7b7d93c0a53c","146","21754","61","92"
"993cccd4-8006-498b-88a2-b9f384bf09f4","100","33100","67","91"
"9c86153a-a630-41d3-a891-ebd15470f383","285","116850","92","250"
"94c3052c-b38a-436c-ab7a-84866b326dc5","396","97812","279","248"
"6d063a43-5f5f-471e-be62-326b4db749e2","109","23108","48","77"
"c0e32110-ca2e-4436-9535-ef6047761c38","184","105800","77","129"
"da2d5c9f-04db-4d79-82cc-87bdbba3347f","186","67890","116","154"
"1fad5f36-aac5-4a86-bf32-f0c024535e2c","105","63000","60","81"
"04332753-5087-47af-9980-3490f4f59287","242","73084","181","217"
"dd9b062f-412b-424a-b8aa-9cfa03dcb20c","147","40278","113","128"
"cc68b269-8f72-4fbc-ac66-37df608037a3","125","56750","52","114"
"2c3672da-ac83-40c7-8625-b38222245c68","129","51213","71","79"
"20c0ae29-4195-4e28-ab0c-bdb011358405","465","223665","360","358"
"26415bb7-62e6-4ba8-b502-6efda8d563e3","105","61530","38","98"
"1baf4d67-562e-4d61-a2dc-cb95d9c6b9cf","119","59381","68","76"
"35ab1a67-881a-49e0-bfed-89d2ab94f816","236","123428","87","222"
"808d5532-91ab-40d5-a8ba-cab21e24912b","222","100344","151","207"
"65dc0ab0-a1e8-4496-a8cd-31200c9a99d6","101","55348","32","70"
"492cfeb6-1f74-445c-a065-968691a398d8","138","74934","107","85"
"f570cb2e-0033-4724-8c0f-74ad2c7cd431","361","114076","197","325"
"6c30ddaf-46e3-4ac3-a512-994951fcc01e","138","19596","56","101"
"9345b6d0-c71c-48b5-a7d0-efe8c74ff836","205","80360","66","144"
"9fe87714-3e50-4a52-a976-eca972b0ebfa","168","50064","129","154"
"d9b46cd0-2223-4918-9883-ee4726ec5253","255","74460","194","233"
"9f8d5bad-5c10-433e-8dee-f408a39066c3","302","127444","123","184"
"689a3c9b-82f0-44e3-8578-8d2ea710b437","236","103368","122","176"
"e5f35319-8a55-411d-8617-5736225849bf","238","118048","160","210"
"453afb14-ecbf-4911-a914-804f865646bb","171","83619","131","119"
"890b5f93-5bc6-4556-9213-baa8d0d8ed04","2292","900756","1218","1834"
"87442b53-d1aa-450d-b50b-16800649e346","175","67375","75","163"
"68833468-70be-42a2-af51-efc0eb0c02af","152","90136","63","139"
"333e0843-1648-46c9-9f22-79d87136ef31","124","58156","96","78"
"c0addd5b-193e-4636-8643-81cad11381e9","121","48037","54","96"
"93b30b3b-315a-4267-8a3f-638fadbe9936","102","26520","49","84"
"ad20f84b-196e-4836-abbe-6bf931ff5ed4","276","147384","189","166"
"b82b51cc-0857-4bda-b378-3d4cb1d52fd9","127","58166","58","87"
"3d2fd1df-c6c6-44ca-9e75-6dc418731a89","114","40584","35","68"
"43f7027c-a54d-4a5d-8aed-22dfbce2a278","102","30906","55","91"
"27ca9c6b-b8c5-4e8d-884e-18f870214140","117","17433","69","73"
"c71932fa-d313-4fa8-8cc1-0067d7aabbeb","455","182910","207","283"
"de79402c-e323-461f-8150-f8160fb1251e","114","58368","79","78"
"1a33d142-8e16-42f0-8339-224a65215e0e","157","37052","96","102"
"113ff720-1569-400b-a2e2-41ce06efe93b","189","27405","78","156"
"2a4bb7f3-10f8-4cfd-a3b6-a9f9995ac696","114","43206","83","91"
"7e9cd502-735d-4e5a-a63d-ef10596e67d5","102","49674","42","95"
"325fcfd0-e079-45e1-9ef2-93b04cc434e0","2494","625994","768","2233"
"cacb7ab7-03f9-4b03-9d01-fc6a4e7b0308","353","139788","232","286"
"f0ee72d8-5281-4d95-b6ee-4fcb0f8a1365","133","21147","73","85"
"48a28a8f-8117-451d-acbc-3e70092fe3a3","105","23520","48","76"
"dd26c71e-059c-4789-b6d9-9a8d02464d99","316","104912","106","236"
"51950ad4-aed0-4100-8fe2-ef4604876467","124","16368","57","108"
"98379641-d691-49d2-95de-b63aaed099b9","131","42968","98","95"
"825c846c-230f-4f9a-8008-926476ab2bf2","671","181170","409","440"
"401c00ce-30ff-499f-9fb5-8c923b043794","103","61388","38","83"
"dda30b75-7c28-43a8-b928-6304dcecfdaf","107","24396","75","83"
"15662410-552b-4e8f-b393-af03716efe2a","275","104500","190","233"
"d1457e1b-801d-4295-8931-90fea70a9ce4","652","204076","466","398"
"1bb1deb8-e193-4408-871c-8f2e957ccae6","237","74655","161","196"
"55917183-76d5-4212-84c7-ed1245b0875a","792","473616","630","631"
"6ff54ff0-d3b3-42ea-8a93-99b225d8f5f5","5935","2623270","3407","4429"
"6b568a23-4555-4a8c-89e1-75d130706fc5","241","133273","178","211"
"e819e0a7-a26b-4e75-8880-fd30ac854031","186","85002","104","140"
"d59261b7-b7e1-4417-8f85-003a5064a144","123","67404","72","113"
"f2878485-3a29-4f13-9429-3658eb8d47d0","130","68770","88","94"
"3f1701b9-9ed9-449e-996f-ba69ddb21467","150","75450","117","126"
"8fc9d4ca-daf8-4233-bb65-cb4368b90c48","148","84360","74","92"
"d3b4bf5b-afda-46f8-8e21-8cc10cb4be52","172","27348","130","142"
"1bc6d1bf-0117-4756-a47f-221c59395182","185","64565","128","125"
"851a16dd-39a2-4bac-b6a7-17fdcffa65fc","323","59432","246","221"
"30bd8911-2284-49b1-bd35-037c51cf736e","495","230175","293","320"
"c099d53e-3265-4469-9d04-7f23b2bb1de3","122","32452","57","78"
"28bf0e39-8477-4d63-a665-b498c226e7a5","141","53298","111","113"
"da1fde58-cbc4-4c21-86f9-70c26f32a1ce","194","99910","77","128"
"a597a77e-c08f-4dc3-8b06-88f089639a82","149","30545","53","103"
"9cbea609-7e35-4ed4-832a-066e1583e29e","171","101916","91","108"
"12fa3f62-abd4-49bc-9655-242d51e63332","388","211848","200","326"
"fe797c7d-3420-4e06-82c6-bcaa57e1dea5","2144","400928","1195","1683"
"030ef318-a2d0-4941-8acd-6a284b6264ea","138","46368","65","102"
"6a431d5c-bbd6-463d-b843-2b91ac3bbed8","172","83248","76","123"
"4b3b0e0a-4868-48d9-ad91-06f4c038ac73","319","93148","190","260"
"36a4d720-0d0f-49a7-8d25-3c5aa1585363","3074","439582","1035","2835"
"0a9968d2-cf4e-43fd-af7d-3b616171a1bc","736","431296","371","557"
"792c60f5-43a5-417e-b9ef-310e4032654e","332","88976","225","280"
"e5b9117d-ec02-49b1-9bdd-e1748ed57094","241","118090","164","221"
"2f3e7a01-836d-4544-9dba-e19a2fdcb3bf","629","101898","236","379"
"ba612e1f-71d1-45af-ada0-649f57978a9e","182","84630","113","133"
"71a726c7-db59-47ff-91cb-f78448e12c79","146","55480","96","101"
"14ed442e-0398-4b1a-a3c9-a708befa9aff","268","63784","120","192"
"ae40979c-64a2-46bd-81ac-38521f97d4e2","173","100167","97","134"
"be63d4e3-cbe8-45fe-a1c9-4c7d83f20e71","578","153748","266","411"
"6ce2a913-f5e6-4c4c-a3b6-c5fec99cf179","113","21809","36","105"
"cbb917d2-871b-43ed-a981-209c3c296b7f","416","205504","168","325"
"2404efdd-8978-4b05-99f3-505af013d741","176","76560","80","126"
"175f1b52-b94d-476d-a7d6-1fbe7df8ff5b","112","29904","48","84"
"ade282dc-cb5c-4b69-b459-4af378d289e8","423","112941","325","292"
"530148e4-da30-4ab0-878f-5f15130f6cc1","186","32364","141","154"
"09d305e9-8bed-48e1-a74d-4ba1220164e2","110","24750","63","85"
"a35aec5f-febc-4dab-804b-19fb8c9f9ba6","113","48138","84","105"
"0507e091-5d39-42b8-83f7-b862d98acd14","167","88343","66","128"
"2a507695-f983-47a8-bf99-3c6194dfd5f7","316","97644","126","293"
"4a4a96be-1490-4dc0-8c78-96ecc32d95bc","175","86450","91","112"
"66763805-260a-460f-b02a-5d105d90e8df","149","87910","52","126"
"eb880d06-585e-4748-97cd-36a4b010789a","346","120062","257","267"
"de09811b-5715-42d5-9458-2a00a86c1e60","106","20140","84","90"
"2e43aaa0-4a69-4b4b-8b06-f102155d0b08","108","32508","75","92"
"852286e2-453f-44e1-9a30-da201a8f4429","118","18644","54","91"
"218f99f0-e9d1-429c-ba00-ab487759487d","124","54808","82","103"
"f62d4c4b-0950-4a4d-b5ca-3b40fd88733e","105","49560","48","96"
"82f000a2-2cca-4eee-a463-94ecde20816e","146","87162","95","114"
"12bc84a5-a6c0-4ab7-ae16-f599eeb83bd7","115","46575","72","104"
"0bdce317-0df7-403a-91c4-d1963588815b","102","45288","62","69"
"88ee45e2-e724-455d-9fbc-73de6e8094d8","180","101880","138","150"
"57eff349-6d7b-4230-b930-77cc4e33d54b","122","24034","66","81"
"647d46ae-42e4-468b-bdee-1aaf73d773d6","158","29546","63","143"
"f6938041-41c2-411c-9efc-8da1d3385db1","745","415710","492","502"
"3a1ab8a8-2bd8-4a6a-804d-cdceb45deb9f","146","54166","84","98"
"d0d4f301-2437-4cf2-ba02-8f6c2704700a","113","37742","72","92"
"ebf7d9f2-6567-444e-88ef-dec1a3dec3d3","194","46560","120","149"
"bf5bbb72-479b-4728-93e0-992a97a23132","204","43248","150","182"
"d10d1d08-1606-4888-83d3-dab44f7b8cab","400","184800","217","351"
"be0a9a44-be32-447d-aa71-8ad6530f320d","139","41978","79","97"
"67009e3a-eae3-4fdf-bf92-c8ba232fb18e","117","66807","87","101"
"df8e7a9e-da1b-41da-b48b-cd8000763d10","143","49764","66","118"
"4f30459a-f37d-4ecb-b895-d5b747b9c35a","108","38556","84","89"
"467c1053-4ecf-4476-b95d-4ca13cd89ebf","132","42636","86","114"
"ed18f553-27ad-4710-9a4b-989f0a0d193e","155","82460","113","125"
"201cb77a-ddbb-4c46-91be-7a363270d893","217","29078","96","168"
"9344f692-9726-4039-9f4f-51f94576972a","435","226200","219","346"
"e37962bc-d464-4ff7-b040-1dc927bfa1b0","129","59985","59","95"
"6297ddaa-ba37-4cdc-adb1-631153f112bc","147","47628","63","91"
"d8aa8465-3bb5-4894-82a1-9fc218e96a79","155","35960","72","137"
"4432aaaf-aea4-4364-a309-81bd331ec5a3","127","41783","52","115"
"a048f064-791c-4369-b713-e34411a1a9b8","166","86154","101","154"
"c40d1f13-9df9-4737-a41b-1c016dbd6ce8","188","54144","68","148"
"44e36a0d-b79c-411b-b355-b176f05ca4ca","739","96070","518","466"
"2910d818-1c89-4347-934b-cc67d5f85e32","225","132075","107","195"
"9b9d4005-0879-49ac-95b9-6702256cbf10","104","15080","58","75"
"9fc7ee61-fe5d-4a6d-b6c5-311f34cf9fb3","115","23000","82","84"
"628b6457-f273-4780-9f40-9a560d2e3839","232","62176","162","213"
"d91f282b-6f1b-43ac-ae3e-186de7c0c0c8","130","29900","74","89"
"d1470c58-3f9f-45f3-aec9-0fc5ce4010e8","100","55200","31","92"
"4ab37cec-891f-4ad4-9d97-04b274d9c9a4","107","34561","74","65"
"2fb7f303-a9a5-4073-9f3c-f4d1f9eb5c41","124","16368","51","107"
"ea48c7a6-9b5f-4ddf-b008-8d8d322845ca","120","31080","80","106"
"0d43839b-17d0-4f02-b64a-841f558f279e","137","44525","50","117"
"7a68840a-2858-48e8-9f2d-2cf48e720337","123","20049","41","95"
"9b4476a1-ab1a-450b-b332-91b773a2ed15","224","110880","113","135"
"a1f62392-069a-4ce3-ac79-6b051bbb30a2","326","139854","247","206"
"acf26b93-4eba-48dc-834d-04ac02c3b088","180","57600","71","146"
"9dbc0e04-41d0-48b8-af70-b464002f8ffc","128","36480","65","110"
"42448f39-af06-4408-b293-62cff3c0282a","127","44958","50","87"
"4a3c4c55-c888-4443-9cfb-d8a4fea7784c","203","73283","99","152"
"f23c8d15-6e8c-4c45-8e3a-ca47c57eec8c","118","38704","68","90"
"cc4866f0-1f1f-48eb-affe-72505b542661","489","192177","270","358"
"54a92aee-7012-431e-ba59-baad8a2d3cee","2773","1364316","1377","2025"
"7c9f7036-0368-43db-b8e6-0fd55f4196ad","169","29575","88","135"
"81a34fed-570a-474b-8a6b-ed45285182b8","101","51914","42","73"
"554557aa-8847-4b2d-8cee-bc19911f58c7","173","77677","78","112"
"e4314b28-3911-4fb4-8723-7548eb1585dc","193","31266","67","127"
"28e0db50-2d04-44d7-bdee-16737aed61e4","379","140230","226","238"
"9b6724fc-044d-4dbd-88c3-6d2b57a85438","141","77409","75","120"
"b3bcb95e-7fc5-4f47-8a49-c93a1323e977","174","41586","57","134"
"65306dff-76e5-4fa3-8668-f0800898737d","142","70858","66","92"
"8423e7d4-eda4-4dcc-8dac-1ee15a146494","129","52761","77","116"
"6ca4b312-6cc1-4c24-bc75-986c581d95b6","123","27921","83","108"
"72f1f3cc-4978-4a35-aa24-259ada2d8a90","169","47320","131","115"
"fa0c450e-d8d7-4f0a-88a8-03baefc5b060","151","55417","84","135"
"449d3686-4593-4cc2-8e17-61d87304b998","2670","429870","2030","1999"
"3b81fb28-00f2-4488-a8a0-94c0a2e7351b","105","19425","71","68"
"4c19112a-d20f-4c65-a7aa-b408a9c31356","250","51250","99","226"
"9e55ac0f-e21e-4a16-9512-e0831ee083c1","108","61884","55","71"
"6fd67202-82f5-4568-85e9-d0677231f234","295","108855","109","267"
"e1629ae3-a7a3-44b0-872c-bb102f620d37","143","17732","64","107"
"3be56674-23fb-4f12-87c6-2b66b214aabe","126","74592","93","87"
"712240ac-2b0d-42a6-9371-be01ad4a8001","129","74175","62","106"
"416c950b-7af9-435e-8eed-d2ed3a372c29","110","42570","70","96"
"51ef6222-8f3b-4598-ad16-c4ac21c48b33","757","234670","423","520"
"a1ec7628-3711-4985-bd02-f44db4cd4282","151","90449","70","130"
"0c35bcd4-10e2-4546-9b14-a368eb6011dc","4096","2437120","1505","3209"
"31b8a2f7-c692-4cd9-93fd-554f95d91a23","325","40625","149","215"
"627db732-6a65-49e5-b462-db029fac1199","152","18544","69","101"
"7aee7df2-a2e2-45ae-b094-a10f25a229b9","220","86900","116","139"
"c8c6aa82-bfd5-481b-a6e9-3658322361f4","192","81408","72","138"
"667a555f-dab2-4b93-8b51-8f86965869d8","172","40420","81","104"
"1f735007-cb30-4c08-87af-794715046ae0","115","30475","81","103"
"8614249f-76f4-4625-8544-0f0163f638a4","179","49404","86","155"
"7ee72fb2-5a54-4b96-b252-f4a9aaf07842","614","249898","350","510"
"45c98e43-3457-40f9-bea1-3d04119c0b9f","105","20790","36","70"
"64a58d57-c54f-4f3e-9ea5-3df9e3a5f6d0","113","46104","39","99"
"01d872fd-1409-402b-a8fc-27c8aaa12cac","180","92160","88","144"
"7b21d52b-939f-481b-8534-af6be4d49601","359","154011","157","316"
"4273ae08-d641-4b8b-b521-a282e0b6bd6d","392","181104","295","263"
"fc5dcf5e-252d-43b9-b517-342bf367d160","100","23800","79","63"
"2f1a6123-9ac0-4b14-adaf-0d365f2937af","295","57525","109","226"
"c674dd4b-4cc5-4394-a054-ec46b72c6a96","100","15900","74","61"
"34b9094d-9b02-4e7b-8313-93a2320dfec0","161","55545","82","123"
"8b0dafab-bb10-4c9a-83c9-62ac61360ef9","127","64643","45","101"
"f07a59ec-b7cc-4a8f-b766-1e1b91627358","137","43429","89","99"
"39b9e497-50ed-4618-a544-4c99c93cf725","337","95034","190","306"
"079198ad-0af8-4443-ba58-09f204e75dba","342","70110","264","304"
"c6ddea2d-5374-4c30-b50b-9449e5f2fccf","228","125400","118","172"
"63b2d895-bf3e-4b10-b9a2-318df1f6200e","220","54560","141","174"
"b7b6138e-483b-442c-b34d-da4db4c4dbc7","146","43508","56","131"
"f6c7a008-4f4c-4810-9a81-28e1fee13a15","362","186068","229","309"
"e0eff357-e35c-47eb-b93a-0f2feb87a14c","117","47502","86","107"
"5fad55c8-e8ba-4e5c-931c-2510b39e198a","115","35765","44","99"
"bfeefcf1-86fa-466a-b700-2436e156596f","100","34600","48","66"
"d5bb007b-8803-4011-949d-826aca72da8f","180","51840","62","131"
"6a4eefd1-348c-4017-9c60-5de82e0df50e","121","71511","37","84"
"46fb5299-fa00-4e13-af91-f07cb12742b5","200","89600","107","123"
"9d014523-098c-45f3-aaaa-f113808bf9fb","220","54780","96","136"
"90bb0017-e45a-44c4-a3c1-3b82b0cf30c7","176","23760","128","162"
"b3c102dd-fd9e-4bea-a7da-7447300bb04c","5071","2246453","2673","3351"
"6faf1beb-2c23-46e2-aee4-ee48a57bd4e5","251","113201","169","221"
"ca5ab903-3b4e-48ba-86fc-35a357844f97","102","13668","61","86"
"016b01ac-ea8d-45bd-9fbc-673e9e9e57c6","225","47250","165","145"
"f2f9941b-fcab-451c-99c2-6927ab8ea8df","143","79079","51","107"
"b29ef5ab-abfd-4c03-9518-f0cbee90199b","228","63840","79","180"
"7af5b6ea-668c-4bb0-bd75-cde7e9bc11ea","1536","336384","963","1318"
"89c701c4-be2f-44a0-b4a7-89773e18e205","130","60320","94","92"
"44fc8818-c3b8-448d-9624-cc43fe732f24","227","132341","180","193"
"a09ed367-fb46-4d28-a599-31351962f669","135","17145","103","100"
"f1b14068-c1f4-42e3-b4cf-91785cd11a95","336","155232","111","224"
"9538701b-aa65-4d63-a8d6-c5ee0f0b2edc","259","50505","172","163"
"404bbb47-5685-4fe1-8fc0-30c29102fa21","147","38367","88","123"
"0db33852-28ee-4c66-8636-85402cd3a3ae","142","63190","95","126"
"1e228785-d530-41c6-9776-b9f12bfb5ed8","100","26000","58","64"
"bd1bea27-2d04-4074-81c8-2269ade1473d","151","82748","97","120"
"e05b930e-a398-4167-9289-c2737befe2df","151","27029","114","100"
"c8c72815-6dc3-4cbc-b9df-1c3ed3e11264","106","29892","63","99"
"5a5d8806-be2e-41ca-b4cf-c791f221d2fe","263","137549","80","216"
"1aa6b943-32a2-4cb3-89b4-ba397774bc3a","150","85350","99","102"
"2e9e4722-ad91-42cc-91cd-1ae217f11426","335","150080","258","302"
"8b1e3a54-5ae5-42c5-a91d-efa4c98010b2","250","124250","91","154"
"bceceba2-5638-4e0a-b29f-3a8f56e86533","226","47686","99","180"
"5c1c41df-66e7-4618-a749-309f91a0b9e6","142","77674","55","129"
"e1e5ca51-b445-4025-b883-786b9e571885","113","30623","48","85"
"06afd407-2b45-4921-aa31-1f1a70b1ddc3","106","31906","62","76"
"a5331662-aa0d-4004-9efc-ad5a238b0c90","198","69300","141","166"
"a8388ffa-9a98-46a8-8550-a3396dff3182","113","61811","66","73"
"4978918f-dd37-42f1-acc3-7bd02fa7cf61","175","83825","90","144"
"08e9c281-da5d-4a4e-89f9-75fc411acab7","214","57138","86","180"
"ad0c9833-1982-4770-b0c9-fc863465b123","159","86496","106","110"
"e9e51e73-11c2-436b-810b-dc4325b7d10d","161","36547","69","122"
"4850f7f3-f260-46c8-bc70-ff0d36ed3212","102","18258","56","83"
"6a09c78c-2a85-4861-a1c8-8b76a65c56f0","153","54927","90","111"
"51dfebfa-2236-4234-874a-f29335746ca4","137","57677","102","97"
"7a7c2235-d760-4577-8b55-fd1ae081fd90","107","32421","78","64"
"036cd97f-749a-43d2-ab1e-3984dbb33b40","144","41904","67","131"
"00a902a3-3d0f-417d-9db4-709b58b81234","114","34542","51","87"
"8c17a488-864a-456e-832c-3bab3f2bbfe2","114","14934","59","93"
"652c3e6b-4f88-4a5e-bf99-835c11228692","182","86450","94","134"
"feffcf79-0458-4593-88f0-745992366566","331","82419","219","268"
"94d9de29-621d-4f84-b27f-85342fcd6ad5","155","50375","69","145"
"0f9d871b-c64f-4a81-a2a1-af1a97c84b5d","405","206550","310","374"
"8584f5a3-3bc3-49b7-a590-c5304aa071bb","107","36166","73","99"
"f6ef9428-2bdd-4768-b131-4bb44b2c696b","140","18760","53","92"
"6d8b0ac2-abd1-466e-a76c-2220ff6306e2","126","53550","98","117"
"ba73d694-01d3-4841-9559-7a44faef6bc1","115","47150","77","74"
"37f6c17a-9b2c-4b35-8dbf-84ba75c974df","131","19257","102","92"
"845dafd2-f8e4-4b7d-aab8-1409e5130051","263","139390","124","194"
"cb4b81ea-0a9d-498c-bc50-1fecb51b7902","150","68550","56","136"
"55598b75-8c55-43db-9f6d-0417f83513a4","126","20286","49","113"
"b9aeef5e-5028-4ebc-9298-257bfdcafa49","146","71540","61","122"
"6736c915-6b56-4028-ad85-0d80868bd3a1","347","107917","104","227"
"ef32212d-6f9e-41f9-a7cc-fd6f1246a36f","107","42907","68","90"
"9dd40790-675a-4fca-a9cf-1fbabf31c0c3","508","234696","247","387"
"f9c6d5f0-9408-4af2-bc7d-0ba619632320","120","70680","41","77"
"12dc9be4-60c3-4b8f-8150-185e21661efb","261","49068","130","186"
"cb46d9ba-4971-4fdc-9991-0fe42139346d","124","57660","82","92"
"312482dc-c3ee-4f3c-a238-d093d273f96a","139","21684","65","115"
"e7137fe7-2ede-488d-a0bc-788a47a6f2a3","1040","138320","427","845"
"0573af87-d26d-4ccd-8f61-c8b851d2ba5f","264","81312","127","204"
"4caa9858-e5c1-4f52-afe8-b6f23fe9f2bc","100","42600","67","92"
"8a27b3bb-9662-4ff3-86db-febbc497cf0c","199","37810","109","122"
"99b13ccf-1e07-407f-bde7-eef51f4cf4bb","127","21209","59","105"
"2a2e951a-47b3-4c46-b632-bf2d03ef1920","144","38160","65","120"
"25b7ff53-1aee-4ed2-be5e-229f2c4bfd7b","154","38962","120","115"
"9a52a2ed-9906-4c93-b1a0-62286cbb0a74","112","52528","62","71"
"97183a4c-04d2-4d58-bba1-cdc11f584e68","298","88506","191","189"
"3446ec42-77a0-4c8e-b4a8-fa4c9db62d05","375","199125","263","246"
"92e3b6d1-4c74-463b-a23c-571f4d5f674a","109","41311","53","82"
"379f339e-40e2-4ea4-9f34-23ddd5ccafca","155","71765","77","134"
"9a9df5bc-740a-4cb8-b03c-20d562a2b5d1","127","32004","85","81"
"a3d593aa-ad30-41ef-8ca5-50f2f29e592d","299","174915","157","218"
"fe2cfce6-1d0c-46bb-a72b-27e4e605c3fd","153","44523","110","143"
"ebe6243f-4910-4ce1-a59f-fa8eee94ef69","108","22788","85","84"
"6d2126a1-2702-41ce-8715-70129aac7ad1","138","64170","46","83"
"b4cafb9b-9149-4604-be78-9ed740271855","719","346558","427","481"
"b5e52c79-2337-4bd3-a862-1ab280880998","305","150060","224","229"
"512f4102-315c-4ddf-8b1a-0e331ec426f4","151","21140","54","116"
"b5831222-bee5-4c0e-a104-2a6c46b98256","135","77625","80","98"
"e22425ff-d5c7-4c7b-91a9-b2d50fbb6897","144","66960","64","127"
"bec50891-7eb6-4c97-858b-45c5ce38abe7","168","35448","75","125"
"e2753365-43cd-411e-8cab-6577ca61e28d","148","40256","91","119"
"82359b1e-0c27-44fb-9998-1a484ece1a96","134","18492","75","98"
"3efa60ef-063f-4b7a-8f62-030269ed6296","113","44409","39","96"
"86dfa005-a7fe-40c2-bd24-5ebb91e30266","195","66300","145","140"
"accf6ec2-ba1a-4644-902a-dd3447a63ce2","150","65400","63","133"
"f42aa39f-8c74-429a-a1ab-a6e1102340fd","332","164340","235","265"
"b769888f-93db-4337-8ecf-ddd08a81d999","102","29274","49","66"
"fa3e780e-cca9-4b33-b934-f8228de29a9b","1230","548580","868","781"
"5cb96844-04a3-4599-b04f-881049041b5b","161","79051","54","148"
"19a17670-a509-4bdd-b885-de38a3d20a90","251","84336","125","166"
"b224af44-74e1-4a9e-a620-5fd7c03fe2bd","249","121761","155","226"
"48adff93-497c-448d-829c-a4585ded3109","334","113894","261","293"
"557b7091-baee-4651-99a9-3e29359f9659","175","48125","106","138"
"b40d9c7f-e80d-4e61-be0c-05674440b505","286","135850","200","209"
"725ce5dd-5c93-4116-b21d-f222670c6e6e","153","77877","117","106"
"cad1884d-bdde-43be-932a-3b93dff9173d","217","46655","95","181"
"57361795-071b-4cb1-ab74-a62713044b4a","185","108225","72","129"
"bf91cdd6-318e-4a49-9866-270afc194b85","100","22600","30","74"
"c01da39f-aa79-4a71-b535-13cb8f0cbfdb","109","27904","57","95"
"a6c5eac6-0e24-4170-ad29-3b96177ec6c2","195","32955","80","118"
"4969b3bc-f572-4ec9-b65f-c855e76f3110","129","19608","78","110"
"6241acc6-8b5b-45ce-bdaa-3131d0112cac","187","66385","111","153"
"f9fb95da-9a3c-42e4-b64a-8f8cb01a7032","130","41470","69","103"
"8df4dcb9-5a57-420e-bd94-1327c4d4d482","132","37356","62","99"
"52ed9278-5a56-41a3-a8b7-cc8098444bd2","151","75500","82","118"
"89e80d68-dbb0-4dc8-bf50-03aeba69d918","113","36047","48","69"
"00c3eb3e-24a5-42fc-bc48-dd350652c7e3","357","57120","219","284"
"db012a4d-1faa-493c-8cb9-ece6d7eff09d","132","29832","88","103"
"da741a3c-d1cb-4714-a2cf-ef3529a1574f","127","64008","58","106"
"1889cc27-d235-4eb4-a72a-c4445517b527","102","44778","60","83"
"27e79371-bc27-45bd-a739-1d8ef038b77f","174","57768","138","105"
"740b2cf1-9c84-4bff-9169-b9537f776b20","1121","452884","753","1060"
"c11f78ca-343c-41df-a6aa-0b8bd7d12f21","136","53720","49","110"
"8e7b0787-22fd-46db-a3f6-fc9efaf4b5d9","353","59657","175","237"
"4cafcef0-7ccc-4135-ad89-91e978616953","108","28944","42","70"
"2fcd6df9-3488-408c-b9fe-a7df7c404771","272","134912","214","215"
"1a92c5c4-dd39-430e-9df6-e62da460fbf4","133","30723","67","107"
"62cda145-5ef0-4a6a-9387-225e3cdd2b70","129","39345","79","107"
"9f90b439-ae6e-4f33-b8dc-c5213a75b896","216","95904","147","153"
"7e6a8442-c31a-45a8-ae79-45c7c531d434","166","53120","68","123"
"555edc72-804c-416b-b663-0bc18138ff5f","256","68096","182","193"
"89dfd377-8895-401c-857d-5c7452d6c3e6","556","116760","278","334"
"db971c66-a106-46ae-becd-35c099ce8611","325","165750","172","214"
"ea894014-906f-4e8b-8c37-da1477134164","488","154208","287","364"
"91356d6c-57ba-4674-8a7a-65e730ad45a3","143","30888","88","116"
"fe283618-aed3-4b4e-959e-95625898b508","110","48070","60","69"
"1d80ad85-df91-42fe-8b63-8641b56149a1","175","57575","135","124"
"38130b9b-832c-4699-a023-38fb3e56535d","121","49731","74","101"
"05583845-7120-4e05-ac31-631e4f704209","755","98905","506","686"
"6d35ff8c-3614-468f-8ff9-14b46138d4e9","202","81204","112","134"
"be3b7694-49a0-488f-83d7-54ad2520e0b8","510","180540","247","462"
"4307e5f6-d4b6-42e9-b3ad-d3020d68e72c","113","67687","74","75"
"aec4b796-7ca4-4cda-a359-62502921f85a","109","16677","81","73"
"16abc71a-2bb5-4d31-9f09-c6c5edb7a925","151","36995","96","114"
"fe04a539-3340-4d88-a44f-6dc2df9ad121","120","25200","94","93"
"61c9d5a7-4cf3-4b30-95fe-ba12be9c5b42","108","46332","77","97"
"14078c88-9774-4de2-8e04-25cbc13af39c","493","120785","261","461"
"52baecbf-68cc-4eca-8854-ed9bb88fcd68","100","13600","64","74"
"66341db6-7172-4da7-a723-7e3ad902c477","163","58680","119","101"
"7c958394-06be-4cc1-a345-9db489c6f028","143","36179","106","112"
"f29ac2fc-0a69-4cd2-9c18-c55fd84607df","231","99330","144","181"
"65b29750-3c7f-4d42-b095-fb1b31b1695a","101","36966","72","62"
"4fe3380b-3a28-47b0-b9a2-12b71508de5d","304","165376","216","264"
"cd7c7e5c-a19c-449f-aef9-0da135454a1d","135","65610","103","110"
"c9905919-ec73-47ca-b74c-ab4a0daa350e","147","76881","53","95"
"1561740a-4482-4a6a-aa6e-32edf426961b","122","66124","71","107"
"c449fb05-ca4f-4707-beb9-27e00fbadbd9","234","71838","118","168"
"72ab6fb1-c178-4b4f-bae3-def4b576bb7e","509","268243","275","352"
"b3326ded-a942-4360-9a1a-35f096ed1d98","130","61750","43","118"
"8d64f720-9dcf-472e-86c8-8d45038591cf","156","38220","105","112"
"db31ad1e-ced8-4473-af43-c75b1eb6d341","217","62713","150","183"
"304a0278-1a26-45e3-9aae-c4927a7ae817","175","74200","55","113"
"1f86be99-ba41-4045-b063-828142accfc7","163","21679","66","118"
"7429cb86-68cb-402a-a791-fd1a5a320262","135","36315","61","114"
"bcc0fa1f-e400-4059-bae9-4d264665dee3","174","48024","93","131"
"cbe85fbe-5638-44d2-8913-6f0f8e6214f8","126","63000","88","81"
"ab93e6af-f86e-4528-83bb-2fe73666794f","186","103974","91","153"
"84afcb50-6be6-4eb2-b52d-076a46de02c9","101","23028","59","65"
"2f8faa02-df13-4eed-bf3f-21797f7b5dec","100","30600","66","86"
"ab5d7c73-cd2d-40f0-83f1-f0970b0b303b","4048","1323696","2179","3703"
"a56ca583-df86-44f8-868d-32dda035d8ef","1095","491655","413","983"
"2b13070e-86f5-4ada-a01a-d29b7be4aa78","128","39808","62","118"
"efcf91c8-1122-4a4c-908a-b4ab4afdde03","200","113000","112","132"
"57bd832d-9393-42c8-9119-8779b09c8607","455","57785","288","283"
"f0e47b65-ce80-4c13-89b1-083874674c78","118","26550","48","82"
"726175a1-0e13-4ce8-a1bf-cf7f900c71e2","272","142528","97","181"
"1fe794fe-3fe6-4546-a9f1-b5a107f313b7","158","64938","119","144"
"0df82fc2-0c81-4763-91be-7f1fbec8affc","339","187467","240","296"
"7227c92a-f95c-4ff8-980a-fbd6c1050dcd","458","228542","183","381"
"4eb9ee19-f3ef-47d7-9658-6abd573c7735","140","23800","108","108"
"1278d18c-1477-44bb-96ff-fe2197fde93c","123","48339","88","96"
"0f3fdce7-e2ed-4ba8-b12e-9ca92cf190dd","105","55440","34","83"
"73c68d38-4d09-4f7e-88fb-523855df1235","120","30120","83","79"
"421a7787-d923-4871-bf8a-2935c731e3ec","627","350493","264","527"
"f95a84a1-80c3-4676-8989-1b0b0700fb60","150","21000","118","103"
"e955c25f-4d19-4588-ae7d-783474dbe865","124","62000","48","110"
"a4ae6a28-4dce-473c-9aab-1d9fee9684c8","104","60528","38","73"
"f46fa027-20d3-49ec-a2c1-baadbbfe654c","116","28304","68","93"
"d3bb28ca-cfc1-4ffc-92ba-90040c80d0eb","151","59494","111","93"
"75e29b6f-bf30-49fc-8e45-16dd08b38fcf","283","44431","112","181"
"151c8661-b8da-4b66-a768-637eb6e34ef7","105","23205","36","84"
"a5ae7339-5f7e-4c68-ab84-dd445f7a9d16","183","49959","106","147"
"5fe46d61-44ad-4beb-9883-a221052aaaa0","372","65844","245","280"
"a59f7dd0-999f-4b5e-8564-64b0b5bb2dda","198","83358","139","161"
"a999170d-f22a-422b-acdb-ea35b9f9fd4f","150","18000","63","111"
"062e78f2-0924-4acf-af77-203c3e943e69","123","54489","47","95"
"2e736a63-3a4d-498f-9537-ac6b87e1bfb6","161","72450","72","145"
"13bcef92-0fba-4a50-bc80-3870047dc0ab","121","31460","77","93"
"fcb54b86-e3eb-4655-a3d9-706aeae94229","192","33984","151","178"
"571535b8-4c07-418b-a492-c6f01208000b","156","44148","116","121"
"192f562e-7d42-4905-b429-e9599144946b","157","33127","52","117"
"ab8074c1-a270-4115-9ff7-2dcd453dae97","127","75311","92","91"
"d12013d6-a281-474d-81df-5bb1b1dc923f","216","116856","84","188"
"e9c73cd9-a19d-43c7-920d-3ac0f7e1a906","261","59769","118","184"
"e2adf70e-1294-4c00-9186-12e463f61269","263","94943","92","185"
"35ffd7b7-470b-4377-bd5e-8e8c1b5edfbb","187","77044","118","133"
"4f4a7059-4913-4493-aabd-ecd7089fd54d","115","37030","79","103"
"fdc90be2-2495-4138-9751-564d42d15c99","187","37400","86","146"
"1352502b-df95-4bc1-809f-698f771f1cd6","153","64872","106","133"
"09f94303-b6cf-4f3a-9e02-986e2ab883cd","123","73431","53","114"
"0a363dfd-eba0-48ca-a785-0590c203bb6d","331","102279","123","237"
"3f2278b5-454a-44f8-9724-2ced75d11b87","133","66633","60","94"
"53f13bd7-5966-4071-a912-7d205100c828","173","88230","87","149"
"6e57963c-91d5-49e3-b095-8e84ada01700","141","46389","67","124"
"2e863f86-f537-416d-90ed-969179ac8edd","1169","598528","510","1036"
"c6745f03-668b-474e-a5d4-7ebe3cd59763","116","53128","76","81"
"33bbc85c-e6a5-41a5-a39f-04fd12e407a4","136","38624","69","99"
"35e39c71-2785-4968-b610-49e60ac6b99e","172","85656","68","116"
"d65861dc-b67e-4a7a-9b41-c7960898264f","159","88722","69","99"
"712c7762-830d-4fa3-b653-257be4e55c54","112","54880","60","95"
"ec81045a-028c-41c8-9212-0c38fc119bac","152","21736","104","111"
"e4936a1f-492d-494b-932c-f8a42001240f","851","409331","462","594"
"653e9198-3d85-41ca-8676-1b23d85b282e","186","58032","61","115"
"fe4745de-5a0a-43d7-a22b-7f626b9f8f90","132","52140","63","121"
"018dc621-cd21-42c9-b329-f3d76d31da33","108","20304","79","67"
"662c0cba-ef7a-4993-8d8a-54c9322d0f8b","1242","614790","629","811"
"a7cfa27f-faea-4521-83d8-f024a0d0ee35","111","30303","65","88"
"24b657fd-e989-4b0a-95b1-cc6cc9b8299e","146","41902","85","126"
"f8c5acbc-4fe8-431e-8f86-f8095f50bdf3","122","47702","86","102"
"9a60a0f2-127d-46f8-9dab-8aecabf2ed0a","110","56540","36","96"
"8d7bcae7-918c-491a-9fa2-c55f80d4de0e","228","63840","177","165"
"582318e5-4d48-47c8-8d04-2b2abf4387b4","268","134536","198","178"
"5e1f0834-7cc8-4d70-a174-434623fc6069","152","53960","73","101"
"52b83885-dea0-4617-8a37-318beb7ed1b5","1070","269640","457","921"
"cf079461-f356-4d73-8896-8911c020d1ee","101","18281","62","75"
"e5850d0e-3635-4237-a84f-15a45c4da139","298","157344","96","233"
"ddcd4a51-dc08-405b-838b-d32e42f7024e","509","194438","247","406"
"8745b338-9b7b-4481-aadb-55fba7808bbf","3755","1419390","2765","2682"
"66aa0d93-3741-4195-b0e0-8e14c4816ad5","167","44088","98","137"
"e4cf20d5-54cc-424d-8549-9fd7758529b9","242","98978","83","192"
"b9d0045b-6a9a-45b2-8d09-3e27fef54b73","108","21708","75","96"
"40156340-c920-4db3-b24a-bcd0ca81e08a","106","62752","56","87"
"d5325849-bb90-4e99-b94b-e6504429b2be","115","18055","78","86"
"133bb56b-857c-41af-86f7-628379b54056","124","43524","92","117"
"b04a7c83-a931-46ff-bc6f-69350cf986da","111","32079","37","91"
"e57af78c-53a7-4059-8fa6-eb260f5f69a1","131","51090","90","112"
"8a74892d-1448-462e-b881-fa989d7f2395","722","415150","224","578"
"8e215ae0-dab3-4ee5-8173-869a8ede9786","100","54400","49","60"
"910cd6d8-499c-40fc-81b0-e1add5c59903","129","25413","55","87"
"71425a6b-7559-407a-8ded-7adb80233532","211","60557","119","174"
"6496741f-5c22-4ea6-ad1d-c0b911e38f4e","116","62640","68","83"
"d76be157-7f4f-4481-831b-90f430c70171","411","231804","241","273"
"af25db2b-bc4c-4341-b633-39ac75793e13","111","30747","43","67"
"2496b7aa-b402-428e-9f4f-4108fe586bf3","184","101568","58","118"
"f847be63-8c10-4727-95d8-53776d19df80","133","20615","61","94"
"66a9e999-27d7-4576-9452-0836c5a2548e","119","26894","47","78"
"f17f3407-d368-4b56-951a-9792c0730a3f","2311","552329","1775","1562"
"506fb735-47fc-435e-af7c-36faeeda21d6","134","25460","99","124"
"5472b57a-56db-498d-9a8f-59407b8bd667","109","34008","34","98"
"b4fde187-19f5-4bdc-a3e2-0e3362634b83","360","81360","176","272"
"422ec690-b889-4850-8b0a-8ae3519bb949","140","31500","95","112"
"dcab2eb5-b257-411c-919e-b48255386941","109","22781","60","87"
"aef42031-ead8-4711-bc7f-038d14b597d2","162","32886","109","104"
"442384bc-f31a-4184-a01a-379f68e8c133","156","66924","74","147"
"3819cdfb-3fd1-4e77-9a3b-b7b7d2d8c176","142","32234","112","124"
"af75794f-73b2-4d17-ba98-42ab5f220d18","134","33500","74","124"
"ae939c17-8163-4fbd-b432-e3f3483e7ad8","101","31714","70","74"
"94d74674-266e-4c55-81e5-7c5bb7b117c3","366","110166","175","259"
"6eb9647c-1eb6-4e3e-8b2b-58abaf6c1fd6","104","57616","65","70"
"d06b107c-2b1a-474e-8078-25cc3c98c8e9","223","101019","138","164"
"9e9c0d45-2fd8-4fcb-b96d-602079568a9d","152","39520","101","138"
"beb56ebd-ecc7-4b25-a610-89f5707c159e","103","56959","43","82"
"42b19d7c-1516-42a4-ba52-f2d1d5eacc91","109","21691","40","83"
"27549361-5822-43d6-8b17-4e9a6861c725","102","43350","71","92"
"4b46ad5b-fad5-4be0-bbab-a7e8312a1038","205","63550","124","182"
"35a53cbf-06a2-4922-b571-9e4c5636883f","143","29887","109","134"
"03d0b8c1-831d-407d-b51a-0677e5f50596","246","131364","156","179"
"0afa3e8e-c0a5-4bc3-852d-6e36f4fc1b75","562","293364","214","435"
"e45febc1-f2a2-4c66-9ac4-4b9a902a3cc6","127","55880","61","113"
"1c663935-558a-4c79-a433-320dbe83a96c","191","25594","132","136"
"ca169012-e501-4e1e-b775-21370bc777a1","432","59184","288","281"
"cbcee4b3-1b8d-438e-acab-25adae7e195b","141","55836","68","114"
"aebacaad-e484-4c88-b517-60570ac3996a","164","32800","57","118"
"8ff253b6-9b22-45a0-85a9-f1ad11527a94","118","39412","93","75"
"77f1eb17-0fae-4d41-ac03-ec6d14d3a0dd","153","50796","111","120"
"a0b4750f-f5c1-4d18-b221-aecbd58bb774","110","47080","77","66"
"622165eb-0f76-4d45-ad0c-d50dd4a436fc","153","88740","114","98"
"fbe74873-cb6c-4c7f-8791-32b8e35a6db7","203","62321","158","169"
"1e318909-5396-4e19-ae82-64401598973d","106","39432","71","95"
"01cf8b58-07db-431b-86bd-286d9b2fb886","115","26680","64","101"
"0a8b46d2-20d7-403f-ba0d-7b4ee3c1a0ed","110","50270","37","69"
"6680e5cd-0295-4b62-a878-2fc37303005e","141","80934","85","96"
"c4cfbb14-15e2-4eeb-82c3-ae77044d487a","121","59653","76","86"
"7bd3f99c-ab10-4df3-9201-a369425882b3","1138","525756","677","888"
"a8c0f307-2463-4222-bbf4-c7d5574eda04","1870","478720","1271","1208"
"c394ef88-4729-4da9-bbeb-9378103bf24e","144","65952","53","123"
"11a338da-5be9-435e-9bd8-52b49cb990b6","355","178210","267","260"
"e6acb0c5-e4b2-49f8-aeb3-3d5fc27a5127","103","22763","81","62"
"2432d1d2-4a6c-4f44-8985-a28889922a3f","195","106665","135","128"
"ec9c9029-da98-467e-81ee-5a871b7be4f6","129","53148","69","116"
"4e2f4aa5-d69b-4a89-8038-b3436e4fd8b3","114","64410","80","91"
"a61c4146-5c22-469c-b6a6-4abf69249096","149","34121","78","103"
"6133b62c-0757-47e2-b4bb-1450dff086e6","147","73647","64","127"
"0ff0c0e3-f054-425e-aae0-dc01d3d96c1e","556","162352","443","369"
"0f02e93f-3c8d-4830-8a8f-86a4697de5a9","132","74712","71","104"
"afd00669-fe07-469a-9318-e168e1472f66","206","95172","149","178"
"e34f3937-7fc1-495c-841e-12f9f0a7d016","122","63440","58","100"
"42eecbbf-c8c3-4c26-b131-f0881906e4b0","930","171120","322","875"
"05fb970c-1458-4b32-b02a-af9cf7797a39","325","58825","186","228"
"27c9604d-7566-4087-a4b3-c916fafe08cf","396","109692","208","314"
"31d370b0-40b8-4d25-8c5c-45c6f18574dd","649","365387","510","430"
"8bf782a9-56ae-4514-b03a-39c870431455","313","179349","250","209"
"d0df5d32-3b44-4a9e-95a7-74fd0a052b97","339","78987","233","226"
"720a024b-e0dc-4952-9aba-270690d7795c","248","96472","148","161"
"82cffdf5-600a-47b2-8a89-4c81aa32ff52","370","143560","119","291"
"a4987e21-9533-4331-825f-1645bf41f2cf","167","79325","129","131"
"a73ef787-f26b-481b-b729-74f5281a91e5","136","23256","87","111"
"50fbd0d6-6584-410b-8a58-9736dbef451a","369","86715","266","318"
"54315852-54ae-468f-b4a1-0ba057b87cd7","111","47952","56","74"
"f40ff967-89f3-4cd3-a0f7-f623c319dbaf","103","33475","46","94"
"7dff9592-0773-4908-8a30-15655c0a66f8","1084","625468","583","772"
"c18bd58d-7903-4020-a88d-2fd348238f59","234","63882","70","160"
